rank_v1,ubigeo,distrito,departamento,n_ipress,n_centros,total_atendidos,access_score_v1,access_score_v2,score_diff
1,150101,LIMA,LIMA,44,1,563485.0,0.8922,0.9645,0.0723
2,070101,CALLAO,CALLAO,37,7,297295.0,0.653,0.8901,0.2372
3,150132,SAN JUAN DE LURIGANCHO,LIMA,41,16,298207.0,0.6345,0.858,0.2236
4,150110,COMAS,LIMA,29,13,322359.0,0.5764,0.8242,0.2477
5,150143,VILLA MARIA DEL TRIUNFO,LIMA,28,6,249825.0,0.572,0.8588,0.2868
6,150133,SAN JUAN DE MIRAFLORES,LIMA,30,2,168258.0,0.5713,0.8912,0.3199
7,150142,VILLA EL SALVADOR,LIMA,20,1,216355.0,0.552,0.8714,0.3194
8,150122,MIRAFLORES,LIMA,7,1,357234.0,0.5446,0.7847,0.2402
9,150113,JESUS MARIA,LIMA,9,1,310331.0,0.5342,0.8058,0.2717
10,150108,CHORRILLOS,LIMA,26,3,123096.0,0.5103,0.8591,0.3488
11,070102,BELLAVISTA,CALLAO,9,1,262694.0,0.506,0.8016,0.2957
12,040101,AREQUIPA,AREQUIPA,6,1,296256.0,0.4986,0.7647,0.2661
13,250101,CALLERIA,UCAYALI,63,148,103079.0,0.4944,0.724,0.2296
14,150103,ATE,LIMA,23,11,241843.0,0.4931,0.7951,0.302
15,130101,TRUJILLO,LA LIBERTAD,23,11,237317.0,0.4904,0.7946,0.3042
16,150115,LA VICTORIA,LIMA,8,1,220843.0,0.4729,0.7858,0.3129
17,150131,SAN ISIDRO,LIMA,5,1,233488.0,0.4502,0.7404,0.2902
18,040112,PAUCARPATA,AREQUIPA,13,2,143117.0,0.445,0.8019,0.3569
19,040126,YANAHUARA,AREQUIPA,3,1,273684.0,0.4443,0.6928,0.2485
20,150135,SAN MARTIN DE PORRES,LIMA,17,8,162566.0,0.4166,0.7642,0.3476
21,150112,INDEPENDENCIA,LIMA,14,3,108531.0,0.4159,0.7866,0.3706
22,150128,RIMAC,LIMA,14,1,43990.0,0.4125,0.7986,0.3861
23,140101,CHICLAYO,LAMBAYEQUE,17,9,146533.0,0.3986,0.753,0.3545
24,060601,CUTERVO,CAJAMARCA,59,195,10281.0,0.396,0.6385,0.2425
25,130102,EL PORVENIR,LA LIBERTAD,14,1,15520.0,0.3957,0.7724,0.3767
26,130105,LA ESPERANZA,LA LIBERTAD,10,1,54247.0,0.3905,0.7721,0.3816
27,150136,SAN MIGUEL,LIMA,4,1,154656.0,0.3903,0.7074,0.3171
28,150140,SANTIAGO DE SURCO,LIMA,13,4,83798.0,0.3774,0.756,0.3785
29,150130,SAN BORJA,LIMA,7,3,158622.0,0.3731,0.7103,0.3372
30,150137,SANTA ANITA,LIMA,11,3,71742.0,0.3671,0.7471,0.38
31,080108,WANCHAQ,CUSCO,6,3,172664.0,0.367,0.6926,0.3256
32,150111,EL AGUSTINO,LIMA,11,3,53855.0,0.3566,0.7399,0.3833
33,210103,AMANTANI,PUNO,2,0,0.0,0.3439,0.4214,0.0775
34,150121,PUEBLO LIBRE,LIMA,2,1,138878.0,0.3425,0.6359,0.2934
35,211302,ANAPIA,PUNO,1,0,0.0,0.3386,0.3889,0.0503
36,070107,MI PERU,CALLAO,0,0,8818.0,0.3385,0.562,0.2235
37,150118,LURIGANCHO,LIMA,26,26,51009.0,0.3371,0.7064,0.3693
38,150141,SURQUILLO,LIMA,6,1,18054.0,0.334,0.6942,0.3603
39,070106,VENTANILLA,CALLAO,14,8,69570.0,0.3323,0.7148,0.3825
40,040109,MARIANO MELGAR,AREQUIPA,6,1,6003.0,0.3269,0.6665,0.3397
41,070103,CARMEN DE LA LEGUA REYNOSO,CALLAO,3,1,70233.0,0.3239,0.6585,0.3346
42,130103,FLORENCIA DE MORA,LA LIBERTAD,5,1,16659.0,0.3219,0.6739,0.352
43,150105,BREÑA,LIMA,3,1,56755.0,0.3159,0.6532,0.3372
44,120114,EL TAMBO,JUNIN,21,27,91188.0,0.3143,0.6844,0.3702
45,040110,MIRAFLORES,AREQUIPA,5,1,1441.0,0.3129,0.6123,0.2994
46,150117,LOS OLIVOS,LIMA,12,8,67169.0,0.3093,0.6914,0.3821
47,021801,CHIMBOTE,ANCASH,24,111,197552.0,0.3044,0.6255,0.3211
48,110101,ICA,ICA,10,29,266215.0,0.3015,0.5977,0.2963
49,160101,IQUITOS,LORETO,13,19,151917.0,0.2996,0.6528,0.3532
50,150116,LINCE,LIMA,3,1,12709.0,0.2899,0.6155,0.3256
51,150120,MAGDALENA DEL MAR,LIMA,3,1,5483.0,0.2856,0.5943,0.3087
52,010101,CHACHAPOYAS,AMAZONAS,28,49,22057.0,0.2846,0.6451,0.3605
53,150114,LA MOLINA,LIMA,8,10,143446.0,0.2846,0.6325,0.3478
54,070104,LA PERLA,CALLAO,3,1,0.0,0.2824,0.3776,0.0952
55,010205,IMAZA,AMAZONAS,39,148,0.0,0.2766,0.3659,0.0893
56,021803,COISHCO,ANCASH,2,1,15097.0,0.2693,0.5801,0.3108
57,060401,CHOTA,CAJAMARCA,34,120,15754.0,0.2638,0.6029,0.339
58,150134,SAN LUIS,LIMA,2,1,5155.0,0.2634,0.553,0.2896
59,150104,BARRANCO,LIMA,2,1,0.0,0.2604,0.3378,0.0775
60,040129,JOSE LUIS BUSTAMANTE Y RIVERO,AREQUIPA,7,4,0.0,0.259,0.3886,0.1296
61,040102,ALTO SELVA ALEGRE,AREQUIPA,7,4,0.0,0.259,0.3886,0.1296
62,150102,ANCON,LIMA,5,3,16396.0,0.2581,0.6098,0.3518
63,120699,MAZAMARI - PANGOA,JUNIN,42,355,0.0,0.2575,0.3367,0.0792
64,160201,YURIMAGUAS,LORETO,32,130,31375.0,0.2547,0.6077,0.353
65,200602,BELLAVISTA,PIURA,1,1,36503.0,0.2488,0.5419,0.2931
66,040107,JACOBO HUNTER,AREQUIPA,7,5,11526.0,0.2487,0.6069,0.3582
67,220901,TARAPOTO,SAN MARTIN,9,13,90206.0,0.2454,0.6162,0.3708
68,060101,CAJAMARCA,CAJAMARCA,28,200,90096.0,0.2429,0.5986,0.3556
69,200115,VEINTISEIS DE OCTUBRE,PIURA,7,7,45223.0,0.2412,0.6139,0.3727
70,010701,BAGUA GRANDE,AMAZONAS,31,136,19158.0,0.2382,0.5888,0.3506
71,120101,HUANCAYO,JUNIN,12,20,73957.0,0.238,0.6186,0.3806
72,150125,PUENTE PIEDRA,LIMA,10,14,57832.0,0.2333,0.6144,0.3811
73,200104,CASTILLA,PIURA,17,36,52451.0,0.2315,0.6158,0.3843
74,240101,TUMBES,TUMBES,13,23,57031.0,0.2281,0.6128,0.3847
75,150139,SANTA ROSA,LIMA,1,1,0.0,0.2272,0.2775,0.0503
76,090111,MARISCAL CACERES,HUANCAVELICA,1,1,0.0,0.2272,0.2775,0.0503
77,140104,ETEN PUERTO,LAMBAYEQUE,1,1,0.0,0.2272,0.2775,0.0503
78,230101,TACNA,TACNA,12,17,31835.0,0.2263,0.6105,0.3843
79,130111,VICTOR LARCO HERRERA,LA LIBERTAD,6,6,24395.0,0.2253,0.5894,0.3641
80,040104,CERRO COLORADO,AREQUIPA,10,12,22014.0,0.2249,0.6029,0.378
81,200601,SULLANA,PIURA,24,96,45415.0,0.2221,0.5961,0.3741
82,250102,CAMPOVERDE,UCAYALI,24,69,255.0,0.2152,0.4856,0.2704
83,250105,YARINACOCHA,UCAYALI,23,79,24306.0,0.2131,0.586,0.3729
84,180301,ILO,MOQUEGUA,6,8,41252.0,0.2113,0.5786,0.3673
85,010702,CAJARURO,AMAZONAS,29,148,0.0,0.2089,0.3281,0.1192
86,190304,PALCAZU,PASCO,28,129,116.0,0.2087,0.4503,0.2415
87,200101,PIURA,PIURA,10,40,141894.0,0.2081,0.562,0.354
88,200702,EL ALTO,PIURA,5,5,0.0,0.2079,0.325,0.1172
89,060701,BAMBAMARCA,CAJAMARCA,31,227,4561.0,0.2072,0.5303,0.3232
90,150107,CHACLACAYO,LIMA,7,8,28.0,0.2033,0.4177,0.2144
91,140105,JOSE LEONARDO ORTIZ,LAMBAYEQUE,7,8,101.0,0.2033,0.4493,0.246
92,010201,BAGUA,AMAZONAS,13,26,13447.0,0.1929,0.5669,0.3741
93,200201,AYABACA,PIURA,31,345,0.0,0.1915,0.3053,0.1138
94,220101,MOYOBAMBA,SAN MARTIN,21,131,53242.0,0.1898,0.5689,0.3791
95,120608,RIO TAMBO,JUNIN,28,206,0.0,0.1885,0.3103,0.1217
96,060607,QUEROCOTILLO,CAJAMARCA,24,111,100.0,0.1876,0.4348,0.2471
97,250107,MANANTAY,UCAYALI,14,35,23669.0,0.1875,0.57,0.3825
98,160108,PUNCHANA,LORETO,13,60,93989.0,0.1868,0.5622,0.3754
99,120302,PERENE,JUNIN,28,240,5147.0,0.1864,0.5202,0.3338
100,060801,JAEN,CAJAMARCA,22,146,41631.0,0.1857,0.5637,0.378
101,050110,SAN JUAN BAUTISTA,AYACUCHO,7,15,51889.0,0.1831,0.5554,0.3722
102,060410,LAJAS,CAJAMARCA,15,49,36609.0,0.1824,0.5682,0.3857
103,211101,JULIACA,PUNO,16,92,77770.0,0.1819,0.5618,0.3799
104,040103,CAYMA,AREQUIPA,7,14,37971.0,0.1802,0.5528,0.3726
105,150123,PACHACAMAC,LIMA,12,24,0.0,0.1801,0.3222,0.1421
106,170301,IÑAPARI,MADRE DE DIOS,5,7,0.0,0.1799,0.297,0.1172
107,200114,TAMBO GRANDE,PIURA,26,229,12955.0,0.1796,0.5369,0.3573
108,170101,TAMBOPATA,MADRE DE DIOS,16,70,47468.0,0.1772,0.5626,0.3854
109,120125,PILCOMAYO,JUNIN,2,3,1.0,0.1768,0.2717,0.0949
110,090103,ACORIA,HUANCAVELICA,27,253,129.0,0.1754,0.4221,0.2467
111,150138,SANTA MARIA DEL MAR,LIMA,1,2,0.0,0.1715,0.2218,0.0503
112,150803,CALETA DE CARQUIN,LIMA,1,2,0.0,0.1715,0.2218,0.0503
113,120404,ATAURA,JUNIN,1,2,0.0,0.1715,0.2218,0.0503
114,110201,CHINCHA ALTA,ICA,4,14,105706.0,0.1708,0.5073,0.3365
115,110112,SUBTANJALLA,ICA,5,8,2923.0,0.1706,0.4869,0.3163
116,140306,MORROPE,LAMBAYEQUE,20,89,0.0,0.1688,0.307,0.1382
117,170303,TAHUAMANU,MADRE DE DIOS,6,10,0.0,0.1685,0.2927,0.1242
118,021809,NUEVO CHIMBOTE,ANCASH,7,29,101274.0,0.1684,0.5282,0.3598
119,200501,PAITA,PIURA,6,12,23923.0,0.1682,0.532,0.3639
120,220907,HUIMBAYOC,SAN MARTIN,10,21,335.0,0.1671,0.4527,0.2855
121,010510,LUYA VIEJO,AMAZONAS,0,1,0.0,0.1662,0.1662,0.0
122,070105,LA PUNTA,CALLAO,0,1,0.0,0.1662,0.1662,0.0
123,230104,CIUDAD NUEVA,TACNA,3,5,3219.0,0.1655,0.4621,0.2967
124,130704,PACASMAYO,LA LIBERTAD,2,4,20761.0,0.1652,0.4807,0.3154
125,060614,SOCOTA,CAJAMARCA,16,54,0.0,0.1638,0.3063,0.1424
126,150805,HUALMAY,LIMA,3,5,0.0,0.1636,0.2588,0.0952
127,060413,PACCHA,CAJAMARCA,10,22,0.0,0.1635,0.3027,0.1393
128,190306,PUERTO BERMUDEZ,PASCO,23,180,1756.0,0.1612,0.4813,0.3201
129,060904,LA COIPA,CAJAMARCA,19,91,0.0,0.1599,0.2995,0.1396
130,130109,SALAVERRY,LA LIBERTAD,5,9,931.0,0.1598,0.4486,0.2887
131,110501,PISCO,ICA,5,24,110223.0,0.1577,0.5019,0.3442
132,010401,NIEVA,AMAZONAS,21,184,14259.0,0.1544,0.5234,0.369
133,120424,PANCAN,JUNIN,2,4,0.0,0.153,0.2304,0.0775
134,140114,SANTA ROSA,LAMBAYEQUE,2,4,0.0,0.153,0.2304,0.0775
135,150601,HUARAL,LIMA,14,107,64951.0,0.1527,0.5362,0.3835
136,050101,AYACUCHO,AYACUCHO,12,45,22320.0,0.1508,0.5317,0.3809
137,120401,JAUJA,JUNIN,1,3,20279.0,0.1501,0.438,0.2879
138,110207,PUEBLO NUEVO,ICA,4,8,31.0,0.1489,0.3439,0.1951
139,060605,LA RAMADA,CAJAMARCA,8,19,0.0,0.1489,0.2827,0.1338
140,120202,ACO,JUNIN,3,6,0.0,0.1487,0.2439,0.0952
141,060612,SANTO DOMINGO DE LA CAPILLA,CAJAMARCA,12,38,0.0,0.1478,0.2899,0.1421
142,210101,PUNO,PUNO,16,206,63879.0,0.1471,0.5302,0.3832
143,010202,ARAMANGO,AMAZONAS,18,103,0.0,0.1464,0.2872,0.1408
144,150801,HUACHO,LIMA,4,27,123131.0,0.1454,0.4754,0.33
145,020105,INDEPENDENCIA,ANCASH,20,178,8490.0,0.1453,0.5062,0.3609
146,060811,SAN JOSE DEL ALTO,CAJAMARCA,14,55,259.0,0.145,0.4278,0.2828
147,220803,ELIAS SOPLIN VARGAS,SAN MARTIN,6,14,2817.0,0.144,0.4665,0.3225
148,190101,CHAUPIMARCA,PASCO,5,11,293.0,0.1437,0.4038,0.2601
149,030101,ABANCAY,APURIMAC,14,107,49235.0,0.1434,0.5293,0.3858
150,080914,MEGANTONI,CUSCO,16,80,0.0,0.1424,0.2848,0.1424
151,060417,TACABAMBA,CAJAMARCA,13,83,43831.0,0.1421,0.528,0.3859
152,120303,PICHANAQUI,JUNIN,19,179,14368.0,0.1418,0.5138,0.3721
153,060419,CHALAMARCA,CAJAMARCA,12,42,0.0,0.1416,0.2837,0.1421
154,220804,NUEVA CAJAMARCA,SAN MARTIN,12,46,8292.0,0.1412,0.5055,0.3643
155,190201,YANAHUANCA,PASCO,24,568,1380.0,0.1411,0.4533,0.3122
156,060602,CALLAYUC,CAJAMARCA,18,120,0.0,0.1401,0.2808,0.1408
157,120908,TRES DE DICIEMBRE,JUNIN,1,3,0.0,0.1381,0.1884,0.0503
158,250104,MASISEA,UCAYALI,18,129,73.0,0.1373,0.3864,0.2491
159,060703,HUALGAYOC,CAJAMARCA,15,75,0.0,0.1373,0.2801,0.1429
160,220511,ZAPATERO,SAN MARTIN,9,27,0.0,0.1371,0.274,0.1369
161,110113,TATE,ICA,3,7,0.0,0.1366,0.2318,0.0952
162,120211,MITO,JUNIN,3,7,0.0,0.1366,0.2318,0.0952
163,160113,SAN JUAN BAUTISTA,LORETO,16,101,7030.0,0.1361,0.4974,0.3612
164,160202,BALSAPUERTO,LORETO,16,99,5191.0,0.1359,0.4906,0.3547
165,060901,SAN IGNACIO,CAJAMARCA,15,98,13254.0,0.1333,0.5072,0.374
166,140308,OLMOS,LAMBAYEQUE,18,234,22732.0,0.1329,0.5128,0.3798
167,150119,LURIN,LIMA,8,25,899.0,0.1305,0.435,0.3045
168,130104,HUANCHACO,LA LIBERTAD,7,21,1833.0,0.1295,0.4472,0.3177
169,050501,SAN MIGUEL,AYACUCHO,5,112,146868.0,0.1295,0.4592,0.3298
170,200701,PARIÑAS,PIURA,7,49,78155.0,0.1293,0.4963,0.367
171,150106,CARABAYLLO,LIMA,14,86,9137.0,0.1283,0.4954,0.3671
172,190206,SANTA ANA DE TUSI,PASCO,18,171,208.0,0.1279,0.4031,0.2751
173,200304,HUARMACA,PIURA,21,426,0.0,0.1267,0.2633,0.1366
174,190307,VILLA RICA,PASCO,16,131,7248.0,0.1265,0.4884,0.3619
175,220505,CUÑUMBUQUI,SAN MARTIN,8,27,1004.0,0.1256,0.4328,0.3072
176,120119,HUANCAN,JUNIN,4,11,32.0,0.1248,0.3206,0.1958
177,180101,MOQUEGUA,MOQUEGUA,10,133,77998.0,0.1237,0.5004,0.3767
178,210102,ACORA,PUNO,21,552,354.0,0.1233,0.4075,0.2842
179,010509,LUYA,AMAZONAS,7,23,0.0,0.1224,0.2521,0.1296
180,200105,CATACAOS,PIURA,12,66,6675.0,0.1216,0.4814,0.3598
181,200706,MANCORA,PIURA,2,6,43.0,0.1212,0.2939,0.1727
182,230110,CORONEL GREGORIO ALBARRACIN LANCHIPA,TACNA,5,17,14272.0,0.1212,0.4708,0.3495
183,120213,ORCOTUNA,JUNIN,2,6,0.0,0.1211,0.1986,0.0775
184,200607,QUERECOTILLO,PIURA,9,35,0.0,0.121,0.258,0.1369
185,240302,AGUAS VERDES,TUMBES,4,12,3608.0,0.1207,0.4326,0.3119
186,250301,PADRE ABAD,UCAYALI,14,92,1108.0,0.1207,0.4395,0.3188
187,220801,RIOJA,SAN MARTIN,7,30,21155.0,0.1191,0.4869,0.3678
188,060613,SANTO TOMAS,CAJAMARCA,11,53,0.0,0.1191,0.26,0.141
189,060906,SAN JOSE DE LOURDES,CAJAMARCA,14,95,0.0,0.1188,0.2618,0.143
190,090206,PAUCARA,HUANCAVELICA,15,121,1291.0,0.1183,0.4407,0.3224
191,240106,SAN JUAN DE LA VIRGEN,TUMBES,3,9,0.0,0.1179,0.2131,0.0952
192,040202,JOSE MARIA QUIMPER,AREQUIPA,3,9,0.0,0.1179,0.2131,0.0952
193,120906,SAN JUAN DE ISCOS,JUNIN,3,9,0.0,0.1179,0.2131,0.0952
194,160206,LAGUNAS,LORETO,11,65,14156.0,0.1178,0.491,0.3732
195,050408,LLOCHEGUA,AYACUCHO,10,45,0.0,0.1177,0.257,0.1393
196,060404,CHIGUIRIP,CAJAMARCA,6,20,0.0,0.1175,0.2418,0.1242
197,090101,HUANCAVELICA,HUANCAVELICA,11,152,60266.0,0.1175,0.4998,0.3824
198,120402,ACOLLA,JUNIN,7,25,0.0,0.1172,0.2468,0.1296
199,080902,ECHARATE,CUSCO,19,364,0.0,0.1171,0.2567,0.1396
200,240304,PAPAYAL,TUMBES,5,16,194.0,0.1169,0.3666,0.2498
201,200805,VICE,PIURA,5,16,0.0,0.1168,0.2339,0.1172
202,010516,SAN CRISTOBAL,AMAZONAS,1,4,0.0,0.1158,0.1661,0.0503
203,150127,PUNTA NEGRA,LIMA,1,4,0.0,0.1158,0.1661,0.0503
204,120409,HUARIPAMPA,JUNIN,1,4,0.0,0.1158,0.1661,0.0503
205,120136,VIQUES,JUNIN,1,4,0.0,0.1158,0.1661,0.0503
206,050902,BELEN,AYACUCHO,1,4,0.0,0.1158,0.1661,0.0503
207,250103,IPARIA,UCAYALI,13,84,101.0,0.1157,0.3748,0.2591
208,250304,NESHUYA,UCAYALI,7,26,1435.0,0.1157,0.4275,0.3118
209,090203,ANTA,HUANCAVELICA,12,69,0.0,0.1156,0.2577,0.1421
210,220104,JEPELACIO,SAN MARTIN,11,59,2030.0,0.115,0.4465,0.3315
211,200111,LAS LOMAS,PIURA,14,105,0.0,0.115,0.258,0.143
212,060905,NAMBALLE,CAJAMARCA,9,39,0.0,0.115,0.2519,0.1369
213,120107,CHILCA,JUNIN,4,13,2728.0,0.1148,0.4201,0.3054
214,210501,ILAVE,PUNO,19,565,4365.0,0.1137,0.4617,0.348
215,040701,MOLLENDO,AREQUIPA,4,19,39782.0,0.1135,0.4644,0.3509
216,010403,RIO SANTIAGO,AMAZONAS,13,89,0.0,0.1134,0.2561,0.1427
217,120904,HUACHAC,JUNIN,4,13,0.0,0.1132,0.221,0.1078
218,160505,MAQUIA,LORETO,12,73,0.0,0.1132,0.2553,0.1421
219,090117,YAULI,HUANCAVELICA,15,151,4137.0,0.113,0.463,0.35
220,060903,HUARANGO,CAJAMARCA,13,90,0.0,0.1129,0.2557,0.1427
221,170204,HUEPETUHE,MADRE DE DIOS,7,27,0.0,0.1126,0.2422,0.1296
222,100102,AMARILIS,HUANUCO,6,86,95312.0,0.1124,0.4689,0.3564
223,080106,SANTIAGO,CUSCO,8,43,21506.0,0.112,0.4842,0.3722
224,060415,QUEROCOTO,CAJAMARCA,11,62,0.0,0.1116,0.2525,0.141
225,220504,CAYNARACHI,SAN MARTIN,8,35,1792.0,0.1109,0.4322,0.3213
226,220508,SAN ROQUE DE CUMBAZA,SAN MARTIN,3,10,0.0,0.1105,0.2058,0.0952
227,030610,EL PORVENIR,APURIMAC,3,10,0.0,0.1105,0.2058,0.0952
228,150205,SUPE PUERTO,LIMA,3,10,0.0,0.1105,0.2058,0.0952
229,040208,SAMUEL PASTOR,AREQUIPA,7,34,17411.0,0.1102,0.4753,0.3651
230,030201,ANDAHUAYLAS,APURIMAC,9,66,32928.0,0.1102,0.4895,0.3793
231,230102,ALTO DE LA ALIANZA,TACNA,4,15,10388.0,0.11,0.4445,0.3345
232,040117,SACHACA,AREQUIPA,2,7,0.0,0.11,0.1875,0.0775
233,120434,YAUYOS,JUNIN,2,7,0.0,0.11,0.1875,0.0775
234,120709,TAPO,JUNIN,8,35,0.0,0.1098,0.2436,0.1338
235,120701,TARMA,JUNIN,12,112,19898.0,0.1092,0.4887,0.3795
236,250201,RAIMONDI,UCAYALI,16,214,792.0,0.1089,0.4189,0.31
237,030704,HUAYLLATI,APURIMAC,6,23,0.0,0.1089,0.2331,0.1242
238,020101,HUARAZ,ANCASH,12,221,45921.0,0.1084,0.4935,0.3851
239,220909,LA BANDA DE SHILCAYO,SAN MARTIN,7,34,14326.0,0.1083,0.4704,0.3621
240,040122,SOCABAYA,AREQUIPA,5,19,1567.0,0.1067,0.4082,0.3014
241,190301,OXAPAMPA,PASCO,10,67,10980.0,0.1057,0.4727,0.367
242,170302,IBERIA,MADRE DE DIOS,5,20,4870.0,0.1056,0.4336,0.328
243,060407,COCHABAMBA,CAJAMARCA,9,47,0.0,0.1054,0.2423,0.1369
244,220501,LAMAS,SAN MARTIN,6,26,6179.0,0.1054,0.4457,0.3403
245,030204,HUANCARAMA,APURIMAC,10,59,0.0,0.1046,0.2439,0.1393
246,221005,UCHIZA,SAN MARTIN,12,95,1776.0,0.1039,0.4333,0.3294
247,060608,SAN ANDRES DE CUTERVO,CAJAMARCA,4,15,0.0,0.1039,0.2117,0.1078
248,190308,CONSTITUCION,PASCO,12,93,282.0,0.1038,0.3878,0.284
249,220503,BARRANQUITA,SAN MARTIN,7,32,782.0,0.1035,0.4004,0.2969
250,250303,CURIMANA,UCAYALI,7,32,209.0,0.1032,0.3673,0.2641
251,010206,LA PECA,AMAZONAS,7,32,0.0,0.103,0.2327,0.1296
252,120609,VIZCATAN DEL ENE,JUNIN,5,20,0.0,0.1027,0.2199,0.1172
253,200306,SAN MIGUEL DE EL FAIQUE,PIURA,9,52,3341.0,0.1027,0.4419,0.3392
254,211105,SAN MIGUEL,PUNO,5,20,0.0,0.1027,0.2199,0.1172
255,100101,HUANUCO,HUANUCO,10,77,14755.0,0.1026,0.4748,0.3722
256,220601,JUANJUI,SAN MARTIN,11,124,25919.0,0.1022,0.4836,0.3815
257,220102,CALZADA,SAN MARTIN,2,8,1590.0,0.1018,0.3639,0.2621
258,150605,CHANCAY,LIMA,7,47,28445.0,0.1016,0.4726,0.371
259,240301,ZARUMILLA,TUMBES,2,8,1234.0,0.1016,0.3576,0.2559
260,120607,RIO NEGRO,JUNIN,13,143,6572.0,0.1016,0.4618,0.3601
261,030601,CHINCHEROS,APURIMAC,7,34,2454.0,0.1013,0.426,0.3247
262,010603,COCHAMAL,AMAZONAS,2,8,0.0,0.1009,0.1784,0.0775
263,160602,INAHUAYA,LORETO,2,8,0.0,0.1009,0.1784,0.0775
264,010108,HUANCAS,AMAZONAS,2,8,0.0,0.1009,0.1784,0.0775
265,050116,ANDRES AVELINO CACERES DORREGARAY,AYACUCHO,3,14,18275.0,0.1001,0.4316,0.3315
266,010523,TRITA,AMAZONAS,1,5,0.0,0.0999,0.1502,0.0503
267,200505,LA HUACA,PIURA,5,21,0.0,0.0999,0.217,0.1172
268,060414,PION,CAJAMARCA,4,16,0.0,0.0999,0.2077,0.1078
269,120208,MANZANARES,JUNIN,1,5,0.0,0.0999,0.1502,0.0503
270,160211,TENIENTE CESAR LOPEZ ROJAS,LORETO,7,34,0.0,0.0999,0.2295,0.1296
271,120429,SAN PEDRO DE CHUNAN,JUNIN,1,5,0.0,0.0999,0.1502,0.0503
272,120130,SAN JERONIMO DE TUNAN,JUNIN,1,5,0.0,0.0999,0.1502,0.0503
273,060606,PIMPINGOS,CAJAMARCA,9,53,0.0,0.0998,0.2368,0.1369
274,160605,SARAYACU,LORETO,11,89,4457.0,0.0997,0.4495,0.3498
275,120504,ULCUMAYO,JUNIN,14,175,0.0,0.0996,0.2426,0.143
276,050104,CARMEN ALTO,AYACUCHO,3,12,898.0,0.0991,0.365,0.2659
277,200405,MORROPON,PIURA,7,35,0.0,0.0984,0.228,0.1296
278,220805,PARDO MIGUEL,SAN MARTIN,9,57,2704.0,0.0983,0.4325,0.3343
279,010402,EL CENEPA,AMAZONAS,11,86,0.0,0.0983,0.2392,0.141
280,200110,LA UNION,PIURA,6,29,3873.0,0.0982,0.4281,0.3299
281,010705,JAMALCA,AMAZONAS,9,55,0.0,0.0982,0.2351,0.1369
282,250302,IRAZOLA,UCAYALI,6,28,362.0,0.098,0.3703,0.2724
283,220401,SAPOSOA,SAN MARTIN,9,60,4965.0,0.0975,0.4457,0.3482
284,200401,CHULUCANAS,PIURA,11,122,16175.0,0.0969,0.4722,0.3754
285,080101,CUSCO,CUSCO,7,77,48802.0,0.0965,0.469,0.3725
286,240105,SAN JACINTO,TUMBES,6,29,0.0,0.0959,0.2201,0.1242
287,160703,MANSERICHE,LORETO,9,58,0.0,0.0959,0.2329,0.1369
288,030703,GAMARRA,APURIMAC,10,73,0.0,0.0958,0.2351,0.1393
289,080906,QUELLOUNO,CUSCO,14,207,0.0,0.0958,0.2388,0.143
290,030104,CURAHUASI,APURIMAC,14,239,4340.0,0.0955,0.4468,0.3513
291,200109,LA ARENA,PIURA,8,47,0.0,0.0952,0.229,0.1338
292,131201,VIRU,LA LIBERTAD,11,103,4726.0,0.095,0.4462,0.3512
293,220506,PINTO RECODO,SAN MARTIN,8,48,0.0,0.0943,0.228,0.1338
294,220203,BAJO BIAVO,SAN MARTIN,10,77,152.0,0.0939,0.3598,0.2658
295,200604,LANCONES,PIURA,14,227,0.0,0.0939,0.2369,0.143
296,010508,LONYA CHICO,AMAZONAS,3,13,0.0,0.0937,0.1889,0.0952
297,061310,UTICYACU,CAJAMARCA,3,13,0.0,0.0937,0.1889,0.0952
298,150109,CIENEGUILLA,LIMA,3,13,0.0,0.0937,0.1889,0.0952
299,061308,SAUCEPAMPA,CAJAMARCA,2,9,0.0,0.0933,0.1708,0.0775
300,150727,SANTA CRUZ DE COCACHACRA,LIMA,2,9,0.0,0.0933,0.1708,0.0775
301,120422,PACA,JUNIN,2,9,0.0,0.0933,0.1708,0.0775
302,061107,LLAPA,CAJAMARCA,7,39,0.0,0.0931,0.2227,0.1296
303,061306,NINABAMBA,CAJAMARCA,4,18,0.0,0.093,0.2008,0.1078
304,060402,ANGUIA,CAJAMARCA,5,28,13933.0,0.0928,0.4419,0.3491
305,220911,PAPAPLAYA,SAN MARTIN,5,24,654.0,0.0928,0.3728,0.28
306,160112,BELEN,LORETO,9,63,0.0,0.0926,0.2295,0.1369
307,030608,RANRACANCHA,APURIMAC,6,31,0.0,0.0925,0.2167,0.1242
308,160210,SANTA CRUZ,LORETO,8,51,1216.0,0.0923,0.4042,0.3119
309,220603,HUICUNGO,SAN MARTIN,9,64,612.0,0.0923,0.3904,0.2981
310,200603,IGNACIO ESCUDERO,PIURA,6,32,0.0,0.0909,0.2151,0.1242
311,010513,OCUMAL,AMAZONAS,8,52,0.0,0.0908,0.2246,0.1338
312,220507,RUMISAPA,SAN MARTIN,5,25,0.0,0.0903,0.2074,0.1172
313,010703,CUMBA,AMAZONAS,9,67,0.0,0.0902,0.2271,0.1369
314,080907,KIMBIRI,CUSCO,9,73,4886.0,0.0899,0.4378,0.3479
315,060105,ENCAÑADA,CAJAMARCA,13,200,0.0,0.0898,0.2325,0.1427
316,140310,SALAS,LAMBAYEQUE,12,148,0.0,0.0896,0.2317,0.1421
317,220905,CHIPURANA,SAN MARTIN,3,14,6.0,0.0893,0.2335,0.1442
318,250305,ALEXANDER VON HUMBOLDT,UCAYALI,3,14,49.0,0.0893,0.283,0.1937
319,140112,PIMENTEL,LAMBAYEQUE,4,49,63618.0,0.0889,0.4375,0.3486
320,130203,CHOCOPE,LA LIBERTAD,3,21,34091.0,0.0887,0.4265,0.3378
321,100901,PUERTO INCA,HUANUCO,9,70,0.0,0.0886,0.2255,0.1369
322,090208,ROSARIO,HUANCAVELICA,10,90,145.0,0.0886,0.3532,0.2646
323,221001,TOCACHE,SAN MARTIN,9,92,15212.0,0.0885,0.4589,0.3703
324,140301,LAMBAYEQUE,LAMBAYEQUE,8,75,18687.0,0.0883,0.4587,0.3703
325,120601,SATIPO,JUNIN,11,159,12482.0,0.0882,0.4592,0.371
326,211306,TINICACHI,PUNO,1,6,0.0,0.088,0.1383,0.0503
327,230405,SITAJARA,TACNA,1,6,0.0,0.088,0.1383,0.0503
328,240103,LA CRUZ,TUMBES,1,6,61.0,0.088,0.2422,0.1541
329,061304,CHANCAYBAÑOS,CAJAMARCA,6,34,0.0,0.088,0.2122,0.1242
330,200503,ARENAL,PIURA,1,6,0.0,0.088,0.1383,0.0503
331,150204,SUPE,LIMA,8,65,9609.0,0.0878,0.4468,0.3589
332,140106,LA VICTORIA,LAMBAYEQUE,6,35,1475.0,0.0875,0.3945,0.307
333,010515,PROVIDENCIA,AMAZONAS,4,20,0.0,0.0872,0.195,0.1078
334,220305,SHATOJA,SAN MARTIN,2,10,39.0,0.0869,0.2572,0.1703
335,120121,HUAYUCACHI,JUNIN,2,10,7.0,0.0869,0.2167,0.1298
336,030710,SANTA ROSA,APURIMAC,2,10,5.0,0.0869,0.2094,0.1226
337,200802,BELLAVISTA DE LA UNION,PIURA,2,10,0.0,0.0869,0.1643,0.0775
338,200502,AMOTAPE,PIURA,2,10,0.0,0.0869,0.1643,0.0775
339,110304,MARCONA,ICA,3,18,18553.0,0.0868,0.4184,0.3317
340,021603,PAROBAMBA,ANCASH,6,118,62813.0,0.0868,0.4519,0.3652
341,190113,YANACANCHA,PASCO,9,98,15251.0,0.0867,0.4571,0.3704
342,060610,SAN LUIS DE LUCMA,CAJAMARCA,5,27,0.0,0.0864,0.2035,0.1172
343,030501,TAMBOBAMBA,APURIMAC,11,154,7243.0,0.0858,0.4462,0.3604
344,030410,POCOHUANCA,APURIMAC,4,22,5960.0,0.0857,0.4089,0.3231
345,170103,LAS PIEDRAS,MADRE DE DIOS,9,76,0.0,0.0856,0.2226,0.1369
346,061105,EL PRADO,CAJAMARCA,3,15,0.0,0.0854,0.1806,0.0952
347,060307,MIGUEL IGLESIAS,CAJAMARCA,5,28,0.0,0.0846,0.2017,0.1172
348,110107,PUEBLO NUEVO,ICA,5,28,0.0,0.0846,0.2017,0.1172
349,010520,SANTA CATALINA,AMAZONAS,4,21,0.0,0.0846,0.1924,0.1078
350,160704,MORONA,LORETO,9,80,0.0,0.0839,0.2208,0.1369
351,200605,MARCAVELICA,PIURA,10,105,0.0,0.0838,0.223,0.1393
352,160603,PADRE MARQUEZ,LORETO,6,38,0.0,0.0829,0.2071,0.1242
353,080910,PICHARI,CUSCO,9,91,5152.0,0.0829,0.432,0.349
354,250401,PURUS,UCAYALI,8,64,0.0,0.0827,0.2165,0.1338
355,030504,HAQUIRA,APURIMAC,12,206,0.0,0.0825,0.2246,0.1421
356,150611,SUMBILCA,LIMA,4,22,0.0,0.0822,0.19,0.1078
357,120204,CHAMBARA,JUNIN,4,22,0.0,0.0822,0.19,0.1078
358,240102,CORRALES,TUMBES,4,22,0.0,0.0822,0.19,0.1078
359,030102,CHACOCHE,APURIMAC,3,16,0.0,0.0819,0.1771,0.0952
360,110508,TUPAC AMARU INCA,ICA,3,16,0.0,0.0819,0.1771,0.0952
361,061311,YAUYUCAN,CAJAMARCA,3,16,0.0,0.0819,0.1771,0.0952
362,051004,ASQUIPATA,AYACUCHO,3,16,0.0,0.0819,0.1771,0.0952
363,030213,SAN JERONIMO,APURIMAC,8,66,0.0,0.0816,0.2154,0.1338
364,160103,FERNANDO LORES,LORETO,11,154,0.0,0.0815,0.2225,0.141
365,120215,SANTA ROSA DE OCOPA,JUNIN,2,11,0.0,0.0814,0.1588,0.0775
366,220301,SAN JOSE DE SISA,SAN MARTIN,5,31,2449.0,0.0813,0.3934,0.3121
367,200402,BUENOS AIRES,PIURA,5,30,0.0,0.0813,0.1985,0.1172
368,221003,POLVORA,SAN MARTIN,9,87,0.0,0.0812,0.2182,0.1369
369,220802,AWAJUN,SAN MARTIN,4,23,1919.0,0.0811,0.3781,0.297
370,160107,NAPO,LORETO,9,106,9194.0,0.081,0.4423,0.3612
371,160701,BARRANCA,LORETO,9,88,0.0,0.0809,0.2178,0.1369
372,190108,SAN FRANCISCO DE ASIS DE YARUSYACAN,PASCO,10,118,0.0,0.0806,0.2198,0.1393
373,090301,LIRCAY,HUANCAVELICA,12,282,4914.0,0.0803,0.4334,0.3531
374,010706,LONYA GRANDE,AMAZONAS,9,90,0.0,0.0802,0.2171,0.1369
375,200301,HUANCABAMBA,PIURA,9,90,1.0,0.0802,0.2346,0.1544
376,200107,CURA MORI,PIURA,4,23,0.0,0.08,0.1878,0.1078
377,030215,SANTA MARIA DE CHICMO,APURIMAC,8,69,0.0,0.08,0.2138,0.1338
378,120124,PARIAHUANCA,JUNIN,9,92,0.0,0.0795,0.2165,0.1369
379,030208,PACOBAMBA,APURIMAC,7,54,0.0,0.0793,0.2089,0.1296
380,200308,SONDORILLO,PIURA,7,54,0.0,0.0793,0.2089,0.1296
381,080701,SANTO TOMAS,CUSCO,13,527,4077.0,0.079,0.4286,0.3496
382,060802,BELLAVISTA,CAJAMARCA,9,101,3117.0,0.0787,0.4163,0.3376
383,010611,TOTORA,AMAZONAS,1,7,0.0,0.0787,0.129,0.0503
384,050620,SANTA ANA DE HUAYCAHUACHO,AYACUCHO,1,7,0.0,0.0787,0.129,0.0503
385,190302,CHONTABAMBA,PASCO,6,42,80.0,0.0787,0.3135,0.2348
386,021807,SAMANCO,ANCASH,3,17,0.0,0.0787,0.1739,0.0952
387,120425,PARCO,JUNIN,3,17,0.0,0.0787,0.1739,0.0952
388,120413,LEONOR ORDOÑEZ,JUNIN,1,7,0.0,0.0787,0.129,0.0503
389,220806,POSIC,SAN MARTIN,1,7,0.0,0.0787,0.129,0.0503
390,150510,NUEVO IMPERIAL,LIMA,6,42,23.0,0.0787,0.2829,0.2042
391,020902,ACO,ANCASH,1,7,0.0,0.0787,0.129,0.0503
392,120905,HUAMANCACA CHICO,JUNIN,1,7,0.0,0.0787,0.129,0.0503
393,120210,MATAHUASI,JUNIN,3,17,0.0,0.0787,0.1739,0.0952
394,040311,LOMAS,AREQUIPA,1,7,7.0,0.0787,0.1813,0.1026
395,050502,ANCO,AYACUCHO,9,96,0.0,0.0783,0.2152,0.1369
396,021201,CARAZ,ANCASH,8,88,9813.0,0.0783,0.4377,0.3593
397,200303,EL CARMEN DE LA FRONTERA,PIURA,7,56,0.0,0.078,0.2076,0.1296
398,060403,CHADIN,CAJAMARCA,4,24,0.0,0.0779,0.1858,0.1078
399,050115,JESUS NAZARENO,AYACUCHO,2,12,1871.0,0.0777,0.3437,0.266
400,200206,PACAIPAMPA,PIURA,11,185,0.0,0.0777,0.2187,0.141
401,190109,SIMON BOLIVAR,PASCO,10,281,21851.0,0.0776,0.4555,0.3779
402,100605,LUYANDO,HUANUCO,5,47,23101.0,0.0771,0.4335,0.3564
403,130614,USQUIL,LA LIBERTAD,12,287,0.0,0.0771,0.2192,0.1421
404,060804,COLASAY,CAJAMARCA,10,137,264.0,0.0771,0.3566,0.2796
405,220807,SAN FERNANDO,SAN MARTIN,2,12,171.0,0.0767,0.2836,0.2069
406,150609,SAN MIGUEL DE ACOS,LIMA,2,12,0.0,0.0766,0.1541,0.0775
407,021303,ELEAZAR GUZMAN BARRON,ANCASH,2,12,6.0,0.0766,0.203,0.1265
408,010204,EL PARCO,AMAZONAS,2,12,0.0,0.0766,0.1541,0.0775
409,140109,NUEVA ARICA,LAMBAYEQUE,2,12,0.0,0.0766,0.1541,0.0775
410,120116,HUACRAPUQUIO,JUNIN,2,12,0.0,0.0766,0.1541,0.0775
411,061101,SAN MIGUEL,CAJAMARCA,9,104,247.0,0.0762,0.3518,0.2756
412,061112,TONGOD,CAJAMARCA,4,25,0.0,0.076,0.1839,0.1078
413,240104,PAMPAS DE HOSPITAL,TUMBES,4,25,11.0,0.076,0.2464,0.1704
414,110106,PARCONA,ICA,4,25,0.0,0.076,0.1839,0.1078
415,160506,PUINAHUA,LORETO,4,25,0.0,0.076,0.1839,0.1078
416,060408,CONCHAN,CAJAMARCA,6,45,0.0,0.0759,0.2001,0.1242
417,010707,YAMON,AMAZONAS,6,45,0.0,0.0759,0.2001,0.1242
418,030602,ANCO_HUALLO,APURIMAC,5,34,310.0,0.0759,0.3374,0.2615
419,220906,EL PORVENIR,SAN MARTIN,3,18,0.0,0.0758,0.171,0.0952
420,030609,ROCCHACC,APURIMAC,3,18,0.0,0.0758,0.171,0.0952
421,060409,HUAMBOS,CAJAMARCA,8,79,0.0,0.0757,0.2094,0.1338
422,060609,SAN JUAN DE CUTERVO,CAJAMARCA,5,34,0.0,0.0757,0.1929,0.1172
423,120605,PAMPA HERMOSA,JUNIN,7,61,0.0,0.0749,0.2046,0.1296
424,160110,TORRES CAUSANA,LORETO,5,35,0.0,0.0745,0.1917,0.1172
425,060902,CHIRINOS,CAJAMARCA,8,82,0.0,0.0745,0.2083,0.1338
426,130601,OTUZCO,LA LIBERTAD,10,170,3661.0,0.0745,0.4182,0.3437
427,200406,SALITRAL,PIURA,4,26,167.0,0.0743,0.311,0.2367
428,030216,TALAVERA,APURIMAC,9,112,0.0,0.0742,0.2111,0.1369
429,060411,LLAMA,CAJAMARCA,9,112,0.0,0.0742,0.2111,0.1369
430,010502,CAMPORREDONDO,AMAZONAS,6,47,0.0,0.0742,0.1984,0.1242
431,200404,LA MATANZA,PIURA,6,47,0.0,0.0742,0.1984,0.1242
432,131202,CHAO,LA LIBERTAD,7,66,2918.0,0.0741,0.4028,0.3288
433,100207,SAN RAFAEL,HUANUCO,10,157,0.0,0.074,0.2132,0.1393
434,210210,SAMAN,PUNO,7,63,0.0,0.0739,0.2035,0.1296
435,060611,SANTA CRUZ,CAJAMARCA,7,63,0.0,0.0739,0.2035,0.1296
436,160706,ANDOAS,LORETO,9,115,0.0,0.0735,0.2104,0.1369
437,200801,SECHURA,PIURA,7,64,290.0,0.0735,0.3458,0.2723
438,120133,SAPALLANGA,JUNIN,5,36,27.0,0.0734,0.2744,0.201
439,040106,CHIGUATA,AREQUIPA,5,36,0.0,0.0734,0.1905,0.1172
440,100903,HONORIA,HUANUCO,6,48,0.0,0.0734,0.1977,0.1242
441,200705,LOS ORGANOS,PIURA,3,19,0.0,0.0732,0.1684,0.0952
442,200504,COLAN,PIURA,3,19,0.0,0.0732,0.1684,0.0952
443,120106,CHICCHE,JUNIN,3,19,0.0,0.0732,0.1684,0.0952
444,220402,ALTO SAPOSOA,SAN MARTIN,4,27,648.0,0.0729,0.3434,0.2705
445,140205,PITIPO,LAMBAYEQUE,8,87,0.0,0.0728,0.2066,0.1338
446,040108,LA JOYA,AREQUIPA,7,65,28.0,0.0728,0.2872,0.2144
447,061111,SAN SILVESTRE DE COCHAN,CAJAMARCA,6,49,0.0,0.0727,0.1969,0.1242
448,220808,YORONGOS,SAN MARTIN,2,13,90.0,0.0725,0.2634,0.191
449,120205,COCHAS,JUNIN,4,27,0.0,0.0725,0.1804,0.1078
450,060406,CHOROPAMPA,CAJAMARCA,4,27,0.0,0.0725,0.1804,0.1078
451,030107,PICHIRHUA,APURIMAC,9,120,0.0,0.0725,0.2094,0.1369
452,010107,GRANADA,AMAZONAS,2,13,0.0,0.0724,0.1499,0.0775
453,120129,SAN AGUSTIN,JUNIN,2,13,0.0,0.0724,0.1499,0.0775
454,200606,MIGUEL CHECA,PIURA,2,13,0.0,0.0724,0.1499,0.0775
455,220106,YANTALO,SAN MARTIN,1,8,1756.0,0.0723,0.3096,0.2373
456,160705,PASTAZA,LORETO,8,89,0.0,0.0722,0.206,0.1338
457,150810,SANTA MARIA,LIMA,5,37,0.0,0.0722,0.1894,0.1172
458,080901,SANTA ANA,CUSCO,6,107,34675.0,0.0719,0.4388,0.3669
459,030207,KISHUARA,APURIMAC,7,67,0.0,0.0718,0.2015,0.1296
460,220809,YURACYACU,SAN MARTIN,1,8,503.0,0.0716,0.2782,0.2066
461,190303,HUANCABAMBA,PASCO,8,91,0.0,0.0716,0.2053,0.1338
462,210608,VILQUE CHICO,PUNO,10,306,13479.0,0.0716,0.4423,0.3707
463,211301,YUNGUYO,PUNO,10,192,2291.0,0.0715,0.4042,0.3327
464,030506,CHALLHUAHUACHO,APURIMAC,9,126,0.0,0.0714,0.2083,0.1369
465,200704,LOBITOS,PIURA,1,8,0.0,0.0713,0.1216,0.0503
466,150511,PACARAN,LIMA,1,8,0.0,0.0713,0.1216,0.0503
467,220304,SANTA ROSA,SAN MARTIN,6,51,116.0,0.0713,0.3153,0.244
468,120407,EL MANTARO,JUNIN,1,8,0.0,0.0713,0.1216,0.0503
469,120421,MUQUIYAUYO,JUNIN,1,8,0.0,0.0713,0.1216,0.0503
470,120212,NUEVE DE JULIO,JUNIN,1,8,0.0,0.0713,0.1216,0.0503
471,120430,SAUSA,JUNIN,1,8,0.0,0.0713,0.1216,0.0503
472,120117,HUALHUAS,JUNIN,1,8,0.0,0.0713,0.1216,0.0503
473,120415,MARCO,JUNIN,1,8,0.0,0.0713,0.1216,0.0503
474,050509,SAMUGARI,AYACUCHO,4,30,5430.0,0.0713,0.3924,0.3211
475,200506,TAMARINDO,PIURA,1,8,0.0,0.0713,0.1216,0.0503
476,140107,LAGUNAS,LAMBAYEQUE,5,38,0.0,0.0712,0.1883,0.1172
477,200703,LA BREA,PIURA,4,28,0.0,0.071,0.1788,0.1078
478,120126,PUCARA,JUNIN,4,28,0.0,0.071,0.1788,0.1078
479,020904,CUSCA,ANCASH,4,28,0.0,0.071,0.1788,0.1078
480,060604,CUJILLO,CAJAMARCA,4,28,0.0,0.071,0.1788,0.1078
481,030218,TURPO,APURIMAC,6,52,0.0,0.0706,0.1948,0.1242
482,120706,PALCA,JUNIN,7,70,0.0,0.0705,0.2001,0.1296
483,040520,MAJES,AREQUIPA,5,52,16999.0,0.0702,0.4225,0.3523
484,220202,ALTO BIAVO,SAN MARTIN,6,53,0.0,0.0699,0.1941,0.1242
485,190106,PALLANCHACRA,PASCO,6,53,0.0,0.0699,0.1941,0.1242
486,160301,NAUTA,LORETO,10,195,0.0,0.0699,0.2092,0.1393
487,090302,ANCHONGA,HUANCAVELICA,7,74,1518.0,0.0697,0.3828,0.3131
488,030505,MARA,APURIMAC,7,72,0.0,0.0696,0.1992,0.1296
489,120707,PALCAMAYO,JUNIN,7,72,0.0,0.0696,0.1992,0.1296
490,120705,LA UNION,JUNIN,4,29,0.0,0.0695,0.1773,0.1078
491,150806,HUAURA,LIMA,6,54,0.0,0.0693,0.1935,0.1242
492,200408,SANTA CATALINA DE MOSSA,PIURA,5,40,0.0,0.0692,0.1864,0.1172
493,010602,CHIRIMOTO,AMAZONAS,5,40,0.0,0.0692,0.1864,0.1172
494,200210,SUYO,PIURA,9,140,0.0,0.0691,0.206,0.1369
495,030416,TORAYA,APURIMAC,4,32,6089.0,0.0691,0.3927,0.3236
496,240201,ZORRITOS,TUMBES,5,43,4009.0,0.0689,0.3925,0.3236
497,220201,BELLAVISTA,SAN MARTIN,6,66,10081.0,0.0689,0.4192,0.3503
498,090711,PAZOS,HUANCAVELICA,6,55,193.0,0.0688,0.3255,0.2567
499,130504,HUASO,LA LIBERTAD,7,74,38.0,0.0688,0.2907,0.2218
500,120120,HUASICANCHA,JUNIN,2,14,0.0,0.0687,0.1462,0.0775
501,160508,SOPLIN,LORETO,2,14,0.0,0.0687,0.1462,0.0775
502,230402,HEROES ALBARRACIN,TACNA,2,14,0.0,0.0687,0.1462,0.0775
503,200804,CRISTO NOS VALGA,PIURA,2,14,0.0,0.0687,0.1462,0.0775
504,200608,SALITRAL,PIURA,2,14,0.0,0.0687,0.1462,0.0775
505,080912,VILLA VIRGEN,CUSCO,2,14,0.0,0.0687,0.1462,0.0775
506,131001,SANTIAGO DE CHUCO,LA LIBERTAD,9,157,3016.0,0.0686,0.4054,0.3368
507,160702,CAHUAPANAS,LORETO,6,55,0.0,0.0686,0.1929,0.1242
508,230206,QUILAHUANI,TACNA,3,21,0.0,0.0685,0.1637,0.0952
509,030406,COTARUSE,APURIMAC,9,263,16100.0,0.0685,0.4398,0.3712
510,022001,YUNGAY,ANCASH,8,131,9271.0,0.0685,0.4267,0.3582
511,010504,COLCAMAR,AMAZONAS,3,21,0.0,0.0685,0.1637,0.0952
512,220904,CHAZUTA,SAN MARTIN,7,75,124.0,0.0685,0.3196,0.2511
513,220404,PISCOYACU,SAN MARTIN,4,30,441.0,0.0683,0.3292,0.2609
514,060603,CHOROS,CAJAMARCA,5,41,0.0,0.0683,0.1854,0.1172
515,250106,NUEVA REQUENA,UCAYALI,6,56,115.0,0.0681,0.3119,0.2438
516,100109,SANTA MARIA DEL VALLE,HUANUCO,10,219,0.0,0.0681,0.2073,0.1393
517,230106,PACHIA,TACNA,4,30,0.0,0.0681,0.1759,0.1078
518,200305,LALAQUIZ,PIURA,6,56,0.0,0.068,0.1923,0.1242
519,140312,TUCUME,LAMBAYEQUE,6,56,0.0,0.068,0.1923,0.1242
520,130107,MOCHE,LA LIBERTAD,5,52,13111.0,0.0679,0.416,0.3481
521,150507,IMPERIAL,LIMA,5,42,334.0,0.0676,0.3309,0.2633
522,080105,SAN SEBASTIAN,CUSCO,5,46,5532.0,0.0674,0.3983,0.3308
523,110504,INDEPENDENCIA,ICA,6,58,0.0,0.0669,0.1911,0.1242
524,010312,YAMBRASBAMBA,AMAZONAS,6,58,0.0,0.0669,0.1911,0.1242
525,200302,CANCHAQUE,PIURA,7,80,0.0,0.0666,0.1962,0.1296
526,210303,AYAPATA,PUNO,8,111,57.0,0.0666,0.3025,0.236
527,180103,CUCHUMBAYA,MOQUEGUA,3,22,0.0,0.0664,0.1617,0.0952
528,200202,FRIAS,PIURA,9,161,0.0,0.0663,0.2033,0.1369
529,200403,CHALACO,PIURA,7,81,0.0,0.0662,0.1959,0.1296
530,130702,GUADALUPE,LA LIBERTAD,5,52,9802.0,0.066,0.4087,0.3427
531,120135,SANTO DOMINGO DE ACOBAMBA,JUNIN,7,82,0.0,0.0659,0.1955,0.1296
532,160106,MAZAN,LORETO,7,82,0.0,0.0659,0.1955,0.1296
533,130602,AGALLPAMPA,LA LIBERTAD,8,114,0.0,0.0659,0.1997,0.1338
534,230103,CALANA,TACNA,2,27,38494.0,0.0659,0.3864,0.3205
535,110401,PALPA,ICA,5,51,8371.0,0.0657,0.4053,0.3396
536,060812,SANTA ROSA,CAJAMARCA,6,61,673.0,0.0657,0.3535,0.2878
537,120431,SINCOS,JUNIN,5,44,0.0,0.0657,0.1829,0.1172
538,220103,HABANA,SAN MARTIN,1,9,614.0,0.0656,0.2771,0.2116
539,100507,MONZON,HUANUCO,8,116,0.0,0.0656,0.1993,0.1338
540,150302,COPA,LIMA,2,15,0.0,0.0654,0.1429,0.0775
541,220303,SAN MARTIN,SAN MARTIN,5,45,860.0,0.0654,0.3522,0.2868
542,190107,PAUCARTAMBO,PASCO,9,193,3601.0,0.0654,0.4063,0.3409
543,170202,FITZCARRALD,MADRE DE DIOS,2,15,0.0,0.0654,0.1429,0.0775
544,061203,SAN LUIS,CAJAMARCA,2,15,0.0,0.0654,0.1429,0.0775
545,040111,MOLLEBAYA,AREQUIPA,2,15,0.0,0.0654,0.1429,0.0775
546,120214,SAN JOSE DE QUERO,JUNIN,6,61,0.0,0.0653,0.1895,0.1242
547,120301,CHANCHAMAYO,JUNIN,5,82,28573.0,0.0653,0.4238,0.3585
548,020506,CANIS,ANCASH,1,9,0.0,0.0652,0.1155,0.0503
549,120432,TUNAN MARCA,JUNIN,1,9,0.0,0.0652,0.1155,0.0503
550,211209,ALTO INAMBARI,PUNO,7,85,0.0,0.0649,0.1946,0.1296
551,120602,COVIRIALI,JUNIN,5,45,0.0,0.0649,0.1821,0.1172
552,050401,HUANTA,AYACUCHO,7,86,347.0,0.0648,0.3416,0.2767
553,160501,REQUENA,LORETO,6,62,0.0,0.0648,0.189,0.1242
554,050114,VINCHOS,AYACUCHO,10,279,8.0,0.0648,0.2593,0.1946
555,100801,PANAO,HUANUCO,9,176,0.0,0.0647,0.2017,0.1369
556,060702,CHUGUR,CAJAMARCA,3,23,7.0,0.0645,0.2121,0.1476
557,051108,VISCHONGO,AYACUCHO,6,63,0.0,0.0643,0.1885,0.1242
558,160803,TENIENTE MANUEL CLAVERO,LORETO,6,63,0.0,0.0643,0.1885,0.1242
559,110110,SAN JUAN BAUTISTA,ICA,5,46,0.0,0.0642,0.1813,0.1172
560,061201,SAN PABLO,CAJAMARCA,6,64,623.0,0.0642,0.3501,0.2859
561,060508,YONAN,CAJAMARCA,5,47,784.0,0.0639,0.3484,0.2845
562,140305,MOCHUMI,LAMBAYEQUE,5,48,1710.0,0.0638,0.3673,0.3035
563,150509,MALA,LIMA,5,57,10687.0,0.0638,0.4081,0.3444
564,210601,HUANCANE,PUNO,9,210,2608.0,0.0635,0.3969,0.3334
565,080408,YANATILE,CUSCO,9,191,0.0,0.0634,0.2003,0.1369
566,150201,BARRANCA,LIMA,4,64,31824.0,0.0634,0.4134,0.35
567,050507,SANTA ROSA,AYACUCHO,5,47,0.0,0.0634,0.1806,0.1172
568,030503,COYLLURQUI,APURIMAC,7,91,0.0,0.0632,0.1928,0.1296
569,160402,PEBAS,LORETO,7,91,0.0,0.0632,0.1928,0.1296
570,110302,CHANGUILLO,ICA,4,34,0.0,0.0632,0.171,0.1078
571,170104,LABERINTO,MADRE DE DIOS,4,34,0.0,0.0632,0.171,0.1078
572,090720,ANDAYMARCA,HUANCAVELICA,4,34,98.0,0.0632,0.2867,0.2234
573,021206,PAMPAROMAS,ANCASH,8,130,0.0,0.0631,0.1969,0.1338
574,210503,PILCUYO,PUNO,8,130,0.0,0.0631,0.1969,0.1338
575,200203,JILILI,PIURA,3,24,0.0,0.0628,0.158,0.0952
576,050402,AYAHUANCO,AYACUCHO,5,48,0.0,0.0627,0.1799,0.1172
577,160509,TAPICHE,LORETO,2,16,0.0,0.0625,0.14,0.0775
578,160503,CAPELO,LORETO,2,16,0.0,0.0625,0.14,0.0775
579,140113,REQUE,LAMBAYEQUE,3,25,2154.0,0.0624,0.3496,0.2872
580,010704,EL MILAGRO,AMAZONAS,4,35,371.0,0.0623,0.3189,0.2566
581,060309,SOROCHUCO,CAJAMARCA,7,95,0.0,0.0622,0.1918,0.1296
582,170201,MANU,MADRE DE DIOS,4,35,0.0,0.0621,0.1699,0.1078
583,120603,LLAYLLA,JUNIN,4,35,33.0,0.0621,0.2587,0.1966
584,010512,OCALLI,AMAZONAS,5,49,0.0,0.0621,0.1792,0.1172
585,221002,NUEVO PROGRESO,SAN MARTIN,6,68,0.0,0.0621,0.1863,0.1242
586,010519,SAN JUAN DE LOPECANCHA,AMAZONAS,5,49,0.0,0.0621,0.1792,0.1172
587,160401,RAMON CASTILLA,LORETO,7,96,0.0,0.0619,0.1915,0.1296
588,022008,YANAMA,ANCASH,6,69,0.0,0.0617,0.1859,0.1242
589,060304,HUASMIN,CAJAMARCA,8,140,0.0,0.0617,0.1955,0.1338
590,100902,CODO DEL POZUZO,HUANUCO,6,69,0.0,0.0617,0.1859,0.1242
591,100905,YUYAPICHIS,HUANUCO,6,69,0.0,0.0617,0.1859,0.1242
592,120305,SAN RAMON,JUNIN,6,84,8483.0,0.0616,0.4085,0.3469
593,050411,PUCACOLPA,AYACUCHO,5,50,0.0,0.0614,0.1786,0.1172
594,060405,CHIMBAN,CAJAMARCA,4,36,0.0,0.0611,0.1689,0.1078
595,250204,YURUA,UCAYALI,3,25,0.0,0.0611,0.1564,0.0952
596,131006,QUIRUVILCA,LA LIBERTAD,7,100,310.0,0.0611,0.3351,0.2739
597,060108,LOS BAÑOS DEL INCA,CAJAMARCA,7,118,5796.0,0.0608,0.4052,0.3443
598,021905,CHINGALPO,ANCASH,2,17,1111.0,0.0605,0.3139,0.2534
599,061004,GREGORIO PITA,CAJAMARCA,6,72,10.0,0.0605,0.2451,0.1846
600,090705,COLCABAMBA,HUANCAVELICA,8,156,1189.0,0.0604,0.3718,0.3113
601,030604,HUACCANA,APURIMAC,7,103,0.0,0.0603,0.1899,0.1296
602,110104,OCUCAJE,ICA,4,37,0.0,0.0601,0.1679,0.1078
603,120408,HUAMALI,JUNIN,1,10,0.0,0.0601,0.1104,0.0503
604,020907,YUPAN,ANCASH,1,10,0.0,0.0601,0.1104,0.0503
605,190203,GOYLLARISQUIZGA,PASCO,1,10,0.0,0.0601,0.1104,0.0503
606,230407,TARUCACHI,TACNA,1,10,0.0,0.0601,0.1104,0.0503
607,230108,POCOLLAY,TACNA,1,10,0.0,0.0601,0.1104,0.0503
608,050807,PARARCA,AYACUCHO,1,10,0.0,0.0601,0.1104,0.0503
609,040403,AYO,AREQUIPA,1,10,0.0,0.0601,0.1104,0.0503
610,020905,LA PAMPA,ANCASH,1,10,0.0,0.0601,0.1104,0.0503
611,020502,ABELARDO PARDO LEZAMETA,ANCASH,1,10,0.0,0.0601,0.1104,0.0503
612,140103,ETEN,LAMBAYEQUE,1,10,0.0,0.0601,0.1104,0.0503
613,040705,MEJIA,AREQUIPA,1,10,0.0,0.0601,0.1104,0.0503
614,120901,CHUPACA,JUNIN,1,10,0.0,0.0601,0.1104,0.0503
615,151012,HONGOS,LIMA,2,17,0.0,0.0599,0.1373,0.0775
616,130208,CASA GRANDE,LA LIBERTAD,4,45,10358.0,0.0599,0.3943,0.3344
617,060202,CACHACHI,CAJAMARCA,9,245,0.0,0.0599,0.1968,0.1369
618,120111,CHUPURO,JUNIN,2,17,2.0,0.0599,0.165,0.1051
619,030219,KAQUIABAMBA,APURIMAC,2,17,0.0,0.0599,0.1373,0.0775
620,050107,PACAYCASA,AYACUCHO,2,17,0.0,0.0599,0.1373,0.0775
621,021209,SANTO TORIBIO,ANCASH,2,17,0.0,0.0599,0.1373,0.0775
622,010507,LONGUITA,AMAZONAS,2,17,0.0,0.0599,0.1373,0.0775
623,010118,SAN FRANCISCO DE DAGUAS,AMAZONAS,2,17,0.0,0.0599,0.1373,0.0775
624,150707,HUACHUPAMPA,LIMA,2,17,0.0,0.0599,0.1373,0.0775
625,200507,VICHAYAL,PIURA,2,17,0.0,0.0599,0.1373,0.0775
626,100602,DANIEL ALOMIA ROBLES,HUANUCO,5,53,0.0,0.0596,0.1768,0.1172
627,220105,SORITOR,SAN MARTIN,5,57,3450.0,0.0595,0.3797,0.3202
628,060412,MIRACOSTA,CAJAMARCA,6,75,0.0,0.0594,0.1837,0.1242
629,030106,LAMBRAMA,APURIMAC,7,107,0.0,0.0594,0.1891,0.1296
630,021207,PUEBLO LIBRE,ANCASH,6,75,0.0,0.0594,0.1837,0.1242
631,050410,UCHURACCAY,AYACUCHO,6,75,0.0,0.0594,0.1837,0.1242
632,040124,UCHUMAYO,AREQUIPA,4,38,0.0,0.0592,0.167,0.1078
633,140115,SAÑA,LAMBAYEQUE,4,38,0.0,0.0592,0.167,0.1078
634,010106,CHUQUIBAMBA,AMAZONAS,4,38,0.0,0.0592,0.167,0.1078
635,080601,SICUANI,CUSCO,8,437,18506.0,0.0592,0.4294,0.3702
636,021604,QUINUABAMBA,ANCASH,2,59,56054.0,0.0591,0.3786,0.3196
637,210106,CHUCUITO,PUNO,6,77,0.0,0.0588,0.183,0.1242
638,090715,SALCAHUASI,HUANCAVELICA,5,55,33.0,0.0585,0.2644,0.2059
639,220206,SAN RAFAEL,SAN MARTIN,5,55,5.0,0.0585,0.2207,0.1623
640,090202,ANDABAMBA,HUANCAVELICA,5,55,5.0,0.0585,0.2207,0.1623
641,150129,SAN BARTOLO,LIMA,1,11,4279.0,0.0584,0.3166,0.2582
642,040703,DEAN VALDIVIA,AREQUIPA,3,27,224.0,0.0583,0.2897,0.2314
643,040120,SANTA ISABEL DE SIGUAS,AREQUIPA,4,39,0.0,0.0583,0.1661,0.1078
644,110209,SAN PEDRO DE HUACARPANA,ICA,4,39,0.0,0.0583,0.1661,0.1078
645,120423,PACCHA,JUNIN,3,27,0.0,0.0582,0.1534,0.0952
646,010103,BALSAS,AMAZONAS,3,27,0.0,0.0582,0.1534,0.0952
647,110111,SANTIAGO,ICA,6,88,3902.0,0.0578,0.3879,0.3301
648,130501,JULCAN,LA LIBERTAD,6,83,1427.0,0.0577,0.364,0.3062
649,220205,SAN PABLO,SAN MARTIN,6,84,1686.0,0.0576,0.3679,0.3103
650,120122,INGENIO,JUNIN,2,18,0.0,0.0575,0.135,0.0775
651,060204,SITACOCHA,CAJAMARCA,6,81,0.0,0.0575,0.1817,0.1242
652,030702,CURPAHUASI,APURIMAC,4,40,0.0,0.0575,0.1653,0.1078
653,050409,CANAYRE,AYACUCHO,2,18,0.0,0.0575,0.135,0.0775
654,220602,CAMPANILLA,SAN MARTIN,6,81,20.0,0.0575,0.2583,0.2008
655,050508,TAMBO,AYACUCHO,6,81,0.0,0.0575,0.1817,0.1242
656,040113,POCSI,AREQUIPA,2,18,0.0,0.0575,0.135,0.0775
657,061301,SANTA CRUZ,CAJAMARCA,5,57,0.0,0.0574,0.1746,0.1172
658,090717,SURCUBAMBA,HUANCAVELICA,7,119,166.0,0.0573,0.3157,0.2584
659,030209,PACUCHA,APURIMAC,6,82,0.0,0.0572,0.1814,0.1242
660,050701,CORACORA,AYACUCHO,9,378,2856.0,0.0571,0.3926,0.3356
661,061303,CATACHE,CAJAMARCA,6,83,0.0,0.0569,0.1811,0.1242
662,090114,PALCA,HUANCAVELICA,5,58,0.0,0.0569,0.1741,0.1172
663,150203,PATIVILCA,LIMA,5,58,0.0,0.0569,0.1741,0.1172
664,010522,TINGO,AMAZONAS,3,28,0.0,0.0568,0.152,0.0952
665,150728,SANTA EULALIA,LIMA,3,28,0.0,0.0568,0.152,0.0952
666,010311,VALERA,AMAZONAS,3,28,0.0,0.0568,0.152,0.0952
667,051102,ACCOMARCA,AYACUCHO,3,28,0.0,0.0568,0.152,0.0952
668,160205,JEBEROS,LORETO,3,28,0.0,0.0568,0.152,0.0952
669,150202,PARAMONGA,LIMA,5,64,4114.0,0.0567,0.3809,0.3242
670,110305,VISTA ALEGRE,ICA,4,46,6070.0,0.0567,0.3802,0.3235
671,190111,TINYAHUARCO,PASCO,4,41,12.0,0.0567,0.229,0.1724
672,150603,ATAVILLOS BAJO,LIMA,4,41,0.0,0.0566,0.1645,0.1078
673,150723,SAN MATEO DE OTAO,LIMA,4,41,0.0,0.0566,0.1645,0.1078
674,061307,PULAN,CAJAMARCA,4,41,0.0,0.0566,0.1645,0.1078
675,030214,SAN MIGUEL DE CHACCRAMPA,APURIMAC,4,41,0.0,0.0566,0.1645,0.1078
676,030605,OCOBAMBA,APURIMAC,5,59,0.0,0.0565,0.1736,0.1172
677,020601,CARHUAZ,ANCASH,7,161,7657.0,0.0565,0.4068,0.3502
678,021001,HUARI,ANCASH,5,64,3693.0,0.0564,0.3782,0.3217
679,130901,HUAMACHUCO,LA LIBERTAD,6,118,11491.0,0.0564,0.4092,0.3528
680,190202,CHACAYAN,PASCO,6,85,0.0,0.0563,0.1806,0.1242
681,020801,CASMA,ANCASH,4,72,23921.0,0.0562,0.4037,0.3475
682,040704,ISLAY,AREQUIPA,1,11,248.0,0.056,0.245,0.189
683,061007,JOSE SABOGAL,CAJAMARCA,6,87,429.0,0.056,0.3327,0.2766
684,040702,COCACHACRA,AREQUIPA,4,42,285.0,0.056,0.3061,0.25
685,010610,SANTA ROSA,AMAZONAS,1,11,0.0,0.0559,0.1061,0.0503
686,061003,EDUARDO VILLANUEVA,CAJAMARCA,1,11,0.0,0.0559,0.1061,0.0503
687,150703,CALLAHUANCA,LIMA,1,11,0.0,0.0559,0.1061,0.0503
688,020514,SAN MIGUEL DE CORPANQUI,ANCASH,1,11,0.0,0.0559,0.1061,0.0503
689,110210,SUNAMPE,ICA,1,11,44.0,0.0559,0.202,0.1461
690,120104,CARHUACALLANGA,JUNIN,1,11,0.0,0.0559,0.1061,0.0503
691,200410,YAMANGO,PIURA,6,87,0.0,0.0558,0.18,0.1242
692,220605,PAJARILLO,SAN MARTIN,6,87,2.0,0.0558,0.2077,0.1519
693,210112,PLATERIA,PUNO,7,130,0.0,0.0556,0.1852,0.1296
694,220702,BUENOS AIRES,SAN MARTIN,5,61,20.0,0.0556,0.2493,0.1938
695,230111,LA YARADA LOS PALOS,TACNA,5,61,0.0,0.0555,0.1727,0.1172
696,200409,SANTO DOMINGO,PIURA,5,61,0.0,0.0555,0.1727,0.1172
697,040306,CAHUACHO,AREQUIPA,3,29,0.0,0.0555,0.1508,0.0952
698,160403,YAVARI,LORETO,6,89,0.0,0.0553,0.1795,0.1242
699,030701,CHUQUIBAMBILLA,APURIMAC,7,132,0.0,0.0553,0.1849,0.1296
700,021705,LLACLLIN,ANCASH,2,19,0.0,0.0553,0.1328,0.0775
701,140311,SAN JOSE,LAMBAYEQUE,2,19,0.0,0.0553,0.1328,0.0775
702,010608,MILPUC,AMAZONAS,2,19,0.0,0.0553,0.1328,0.0775
703,060310,SUCRE,CAJAMARCA,5,62,35.0,0.0551,0.2625,0.2073
704,110301,NASCA,ICA,5,100,17931.0,0.0551,0.4082,0.3531
705,022003,MANCOS,ANCASH,5,62,0.0,0.0551,0.1723,0.1172
706,030708,PROGRESO,APURIMAC,4,43,0.0,0.0551,0.163,0.1078
707,170203,MADRE DE DIOS,MADRE DE DIOS,4,43,0.0,0.0551,0.163,0.1078
708,150505,CHILCA,LIMA,5,62,0.0,0.0551,0.1723,0.1172
709,050407,SIVIA,AYACUCHO,7,139,937.0,0.0549,0.3563,0.3014
710,140202,CAÑARIS,LAMBAYEQUE,7,136,0.0,0.0548,0.1844,0.1296
711,120702,ACOBAMBA,JUNIN,4,45,1431.0,0.0546,0.3445,0.2899
712,050111,SANTIAGO DE PISCHA,AYACUCHO,4,44,0.0,0.0544,0.1623,0.1078
713,090506,LOCROJA,HUANCAVELICA,4,44,5.0,0.0544,0.2074,0.1529
714,090207,POMACOCHA,HUANCAVELICA,3,30,11.0,0.0544,0.2121,0.1578
715,160104,INDIANA,LORETO,5,64,0.0,0.0543,0.1714,0.1172
716,160502,ALTO TAPICHE,LORETO,3,30,0.0,0.0543,0.1496,0.0952
717,120113,CULLHUAS,JUNIN,3,30,0.0,0.0543,0.1496,0.0952
718,150811,SAYAN,LIMA,8,231,0.0,0.054,0.1878,0.1338
719,160601,CONTAMANA,LORETO,6,109,4502.0,0.0537,0.3871,0.3333
720,030105,HUANIPACA,APURIMAC,6,96,0.0,0.0536,0.1778,0.1242
721,130502,CALAMARCA,LA LIBERTAD,5,66,54.0,0.0535,0.2715,0.218
722,060201,CAJABAMBA,CAJAMARCA,5,78,6675.0,0.0534,0.3883,0.3349
723,090310,SAN ANTONIO DE ANTAPARCO,HUANCAVELICA,2,20,114.0,0.0534,0.2502,0.1968
724,140117,PATAPO,LAMBAYEQUE,3,36,8137.0,0.0533,0.3704,0.3171
725,080913,VILLA KINTIARINA,CUSCO,2,20,0.0,0.0533,0.1308,0.0775
726,140111,PICSI,LAMBAYEQUE,2,20,0.0,0.0533,0.1308,0.0775
727,120414,LLOCLLAPAMPA,JUNIN,2,20,0.0,0.0533,0.1308,0.0775
728,200108,EL TALLAN,PIURA,2,20,0.0,0.0533,0.1308,0.0775
729,060805,HUABAL,CAJAMARCA,3,31,54.0,0.0533,0.2493,0.1961
730,010121,SONCHE,AMAZONAS,2,20,0.0,0.0533,0.1308,0.0775
731,160604,PAMPA HERMOSA,LORETO,3,31,0.0,0.0532,0.1485,0.0952
732,140116,CAYALTI,LAMBAYEQUE,3,31,0.0,0.0532,0.1485,0.0952
733,220502,ALONSO DE ALVARADO,SAN MARTIN,5,70,2024.0,0.0532,0.3608,0.3076
734,021202,HUALLANCA,ANCASH,3,31,0.0,0.0532,0.1485,0.0952
735,120703,HUARICOLCA,JUNIN,3,31,0.0,0.0532,0.1485,0.0952
736,210806,NUÑOA,PUNO,9,510,0.0,0.0532,0.1901,0.1369
737,060301,CELENDIN,CAJAMARCA,5,82,7922.0,0.0531,0.3915,0.3385
738,120203,ANDAMARCA,JUNIN,5,68,0.0,0.0527,0.1699,0.1172
739,100601,RUPA-RUPA,HUANUCO,2,33,25482.0,0.0527,0.3705,0.3178
740,120708,SAN PEDRO DE CAJAS,JUNIN,6,101,0.0,0.0526,0.1768,0.1242
741,130701,SAN PEDRO DE LLOC,LA LIBERTAD,3,33,2473.0,0.0526,0.3431,0.2905
742,100904,TOURNAVISTA,HUANUCO,4,47,0.0,0.0525,0.1603,0.1078
743,150610,SANTA CRUZ DE ANDAMARCA,LIMA,4,47,0.0,0.0525,0.1603,0.1078
744,140110,OYOTUN,LAMBAYEQUE,4,47,0.0,0.0525,0.1603,0.1078
745,090607,PILPICHACA,HUANCAVELICA,9,597,100.0,0.0523,0.3054,0.253
746,090709,HUARIBAMBA,HUANCAVELICA,3,32,21.0,0.0522,0.2252,0.173
747,040115,QUEQUEÑA,AREQUIPA,1,12,0.0,0.0522,0.1025,0.0503
748,060907,TABACONAS,CAJAMARCA,6,104,332.0,0.0522,0.3224,0.2702
749,230404,ESTIQUE-PAMPA,TACNA,1,12,0.0,0.0522,0.1025,0.0503
750,040206,OCOÑA,AREQUIPA,3,32,0.0,0.0522,0.1474,0.0952
751,210901,MOHO,PUNO,8,271,0.0,0.0522,0.186,0.1338
752,061204,TUMBADEN,CAJAMARCA,3,32,0.0,0.0522,0.1474,0.0952
753,120420,MUQUI,JUNIN,1,12,0.0,0.0522,0.1025,0.0503
754,080909,VILCABAMBA,CUSCO,8,273,0.0,0.0522,0.1859,0.1338
755,020906,YANAC,ANCASH,1,12,0.0,0.0522,0.1025,0.0503
756,120412,JULCAN,JUNIN,1,12,0.0,0.0522,0.1025,0.0503
757,150714,RICARDO PALMA,LIMA,1,12,43.0,0.0522,0.1977,0.1455
758,210701,LAMPA,PUNO,6,111,2331.0,0.0521,0.3702,0.318
759,100201,AMBO,HUANUCO,6,104,0.0,0.052,0.1762,0.1242
760,190305,POZUZO,PASCO,6,106,703.0,0.052,0.3409,0.2889
761,050112,SOCOS,AYACUCHO,5,70,0.0,0.052,0.1692,0.1172
762,100104,CHURUBAMBA,HUANUCO,7,162,0.0,0.0519,0.1816,0.1296
763,220914,SHAPAJA,SAN MARTIN,2,21,107.0,0.0516,0.2468,0.1953
764,220707,SAN HILARION,SAN MARTIN,3,33,806.0,0.0516,0.3149,0.2632
765,120907,SAN JUAN DE JARPA,JUNIN,2,21,0.0,0.0515,0.129,0.0775
766,140118,POMALCA,LAMBAYEQUE,2,21,0.0,0.0515,0.129,0.0775
767,160802,ROSA PANDURO,LORETO,2,21,0.0,0.0515,0.129,0.0775
768,061005,ICHOCAN,CAJAMARCA,2,21,48.0,0.0515,0.227,0.1754
769,050801,PAUSA,AYACUCHO,3,33,351.0,0.0514,0.294,0.2426
770,200307,SONDOR,PIURA,4,49,0.0,0.0513,0.1591,0.1078
771,250202,SEPAHUA,UCAYALI,4,49,15.0,0.0513,0.2289,0.1776
772,150726,SANGALLAYA,LIMA,4,49,0.0,0.0513,0.1591,0.1078
773,230301,LOCUMBA,TACNA,3,33,0.0,0.0512,0.1464,0.0952
774,040205,NICOLAS DE PIEROLA,AREQUIPA,3,33,0.0,0.0512,0.1464,0.0952
775,030603,COCHARCAS,APURIMAC,3,33,0.0,0.0512,0.1464,0.0952
776,200407,SAN JUAN DE BIGOTE,PIURA,3,33,0.0,0.0512,0.1464,0.0952
777,220604,PACHIZA,SAN MARTIN,5,73,236.0,0.0511,0.3058,0.2547
778,180204,ICHUÑA,MOQUEGUA,8,308,0.0,0.051,0.1848,0.1338
779,090707,HUACHOCOLPA,HUANCAVELICA,4,50,100.0,0.0508,0.2747,0.2239
780,130503,CARABAMBA,LA LIBERTAD,4,50,0.0,0.0507,0.1585,0.1078
781,130401,CHEPEN,LA LIBERTAD,2,45,33324.0,0.0503,0.3703,0.3199
782,150403,HUAMANTANGA,LIMA,3,34,0.0,0.0502,0.1454,0.0952
783,150706,CUENCA,LIMA,3,34,0.0,0.0502,0.1454,0.0952
784,050404,IGUAIN,AYACUCHO,3,34,0.0,0.0502,0.1454,0.0952
785,110506,SAN ANDRES,ICA,3,34,0.0,0.0502,0.1454,0.0952
786,022007,SHUPLUY,ANCASH,3,34,0.0,0.0502,0.1454,0.0952
787,010203,COPALLIN,AMAZONAS,3,34,0.0,0.0502,0.1454,0.0952
788,010114,MOLINOPAMPA,AMAZONAS,3,34,0.0,0.0502,0.1454,0.0952
789,050201,CANGALLO,AYACUCHO,5,80,2095.0,0.0502,0.3586,0.3084
790,150606,IHUARI,LIMA,6,114,0.0,0.0502,0.1745,0.1242
791,110404,SANTA CRUZ,ICA,3,34,0.0,0.0502,0.1454,0.0952
792,210805,MACARI,PUNO,7,184,0.0,0.0501,0.1798,0.1296
793,131102,LUCMA,LA LIBERTAD,6,116,0.0,0.0499,0.1741,0.1242
794,220912,SAN ANTONIO,SAN MARTIN,2,22,82.0,0.0499,0.2386,0.1887
795,120428,SAN LORENZO,JUNIN,2,22,0.0,0.0498,0.1273,0.0775
796,021101,HUARMEY,ANCASH,4,68,11062.0,0.0498,0.3854,0.3357
797,080911,INKAWASI,CUSCO,5,77,0.0,0.0498,0.1669,0.1172
798,120206,COMAS,JUNIN,6,117,0.0,0.0498,0.174,0.1242
799,160511,YAQUERANA,LORETO,2,22,0.0,0.0498,0.1273,0.0775
800,020803,COMANDANTE NOEL,ANCASH,2,22,0.0,0.0498,0.1273,0.0775
801,050907,PAICO,AYACUCHO,2,22,0.0,0.0498,0.1273,0.0775
802,060809,SALLIQUE,CAJAMARCA,6,118,265.0,0.0498,0.3144,0.2646
803,090102,ACOBAMBILLA,HUANCAVELICA,6,118,48.0,0.0497,0.2718,0.2222
804,200207,PAIMAS,PIURA,4,52,0.0,0.0496,0.1575,0.1078
805,130902,CHUGAY,LA LIBERTAD,6,119,0.0,0.0495,0.1737,0.1242
806,030402,CAPAYA,APURIMAC,2,24,4175.0,0.0493,0.3342,0.2849
807,190104,HUAYLLAY,PASCO,8,396,587.0,0.0493,0.3432,0.294
808,120418,MOLINOS,JUNIN,3,35,0.0,0.0493,0.1445,0.0952
809,140309,PACORA,LAMBAYEQUE,3,35,0.0,0.0493,0.1445,0.0952
810,131007,SANTA CRUZ DE CHUCA,LA LIBERTAD,3,35,0.0,0.0493,0.1445,0.0952
811,061305,LA ESPERANZA,CAJAMARCA,3,35,0.0,0.0493,0.1445,0.0952
812,060203,CONDEBAMBA,CAJAMARCA,5,79,0.0,0.0492,0.1664,0.1172
813,150124,PUCUSANA,LIMA,1,13,92.0,0.0491,0.2134,0.1643
814,090704,AHUAYCHA,HUANCAVELICA,4,53,10.0,0.0491,0.2173,0.1682
815,020903,BAMBAS,ANCASH,1,13,0.0,0.049,0.0993,0.0503
816,061302,ANDABAMBA,CAJAMARCA,1,13,0.0,0.049,0.0993,0.0503
817,090108,IZCUCHACA,HUANCAVELICA,1,13,43.0,0.049,0.1945,0.1455
818,230205,HUANUARA,TACNA,1,13,0.0,0.049,0.0993,0.0503
819,230403,ESTIQUE,TACNA,1,13,0.0,0.049,0.0993,0.0503
820,150126,PUNTA HERMOSA,LIMA,1,13,0.0,0.049,0.0993,0.0503
821,021012,RAHUAPAMPA,ANCASH,1,13,0.0,0.049,0.0993,0.0503
822,220704,PILLUANA,SAN MARTIN,1,13,0.0,0.049,0.0993,0.0503
823,021507,LLAPO,ANCASH,1,13,0.0,0.049,0.0993,0.0503
824,150730,SANTIAGO DE TUNA,LIMA,1,13,0.0,0.049,0.0993,0.0503
825,120132,SAÑO,JUNIN,1,13,0.0,0.049,0.0993,0.0503
826,120416,MASMA,JUNIN,1,13,0.0,0.049,0.0993,0.0503
827,050809,SAN JOSE DE USHUA,AYACUCHO,1,13,0.0,0.049,0.0993,0.0503
828,200806,RINCONADA LLICUAR,PIURA,1,13,0.0,0.049,0.0993,0.0503
829,130905,MARCABAL,LA LIBERTAD,6,124,0.0,0.0488,0.173,0.1242
830,030412,SAÑAYCA,APURIMAC,4,59,4056.0,0.0488,0.3634,0.3146
831,030404,CHAPIMARCA,APURIMAC,4,88,17789.0,0.0488,0.3925,0.3437
832,090716,SAN MARCOS DE ROCCHAC,HUANCAVELICA,4,54,59.0,0.0487,0.2595,0.2109
833,130803,CHILLIA,LA LIBERTAD,5,81,0.0,0.0487,0.1658,0.1172
834,160105,LAS AMAZONAS,LORETO,5,81,0.0,0.0487,0.1658,0.1172
835,220708,SHAMBOYACU,SAN MARTIN,4,54,69.0,0.0487,0.2634,0.2147
836,200205,MONTERO,PIURA,4,54,0.0,0.0486,0.1565,0.1078
837,021015,SAN PEDRO DE CHANA,ANCASH,4,54,0.0,0.0486,0.1565,0.1078
838,090119,HUANDO,HUANCAVELICA,6,126,143.0,0.0486,0.2978,0.2492
839,211204,PATAMBUCO,PUNO,4,54,0.0,0.0486,0.1565,0.1078
840,120306,VITOC,JUNIN,3,36,0.0,0.0485,0.1437,0.0952
841,051002,ALCAMENCA,AYACUCHO,3,36,0.0,0.0485,0.1437,0.0952
842,150904,COCHAMARCA,LIMA,3,36,0.0,0.0485,0.1437,0.0952
843,160507,SAQUENA,LORETO,2,23,0.0,0.0483,0.1258,0.0775
844,040405,CHILCAYMARCA,AREQUIPA,2,23,0.0,0.0483,0.1258,0.0775
845,120105,CHACAPAMPA,JUNIN,2,23,0.0,0.0483,0.1258,0.0775
846,051007,COLCA,AYACUCHO,2,23,0.0,0.0483,0.1258,0.0775
847,100603,HERMILIO VALDIZAN,HUANUCO,2,23,0.0,0.0483,0.1258,0.0775
848,030212,SAN ANTONIO DE CACHI,APURIMAC,4,55,0.0,0.0482,0.156,0.1078
849,090701,PAMPAS,HUANCAVELICA,3,42,6745.0,0.0481,0.3613,0.3132
850,030409,LUCRE,APURIMAC,4,71,9388.0,0.0479,0.3804,0.3325
851,050106,OCROS,AYACUCHO,6,133,0.0,0.0476,0.1718,0.1242
852,030414,TAPAIRIHUA,APURIMAC,3,46,9849.0,0.0476,0.3685,0.3209
853,010306,FLORIDA,AMAZONAS,3,37,0.0,0.0476,0.1429,0.0952
854,130808,PARCOY,LA LIBERTAD,5,86,52.0,0.0474,0.2645,0.2171
855,021011,PONTO,ANCASH,4,57,0.0,0.0473,0.1551,0.1078
856,110114,YAUCA DEL ROSARIO,ICA,4,57,0.0,0.0473,0.1551,0.1078
857,020108,OLLEROS,ANCASH,4,57,0.0,0.0473,0.1551,0.1078
858,120704,HUASAHUASI,JUNIN,6,143,758.0,0.047,0.3377,0.2907
859,081104,COLQUEPATA,CUSCO,6,139,0.0,0.0469,0.1711,0.1242
860,040203,MARIANO NICOLAS VALCARCEL,AREQUIPA,2,24,0.0,0.0469,0.1243,0.0775
861,160303,TIGRE,LORETO,5,88,0.0,0.0469,0.1641,0.1172
862,120805,MOROCOCHA,JUNIN,2,24,0.0,0.0469,0.1243,0.0775
863,160804,YAGUAS,LORETO,2,24,0.0,0.0469,0.1243,0.0775
864,110103,LOS AQUIJES,ICA,3,38,0.0,0.0469,0.1421,0.0952
865,060416,SAN JUAN DE LICUPIS,CAJAMARCA,3,38,0.0,0.0469,0.1421,0.0952
866,050203,LOS MOROCHUCOS,AYACUCHO,6,141,98.0,0.0468,0.2866,0.2398
867,060111,NAMORA,CAJAMARCA,4,58,0.0,0.0468,0.1547,0.1078
868,210206,CHUPA,PUNO,5,89,0.0,0.0467,0.1639,0.1172
869,090306,CONGALLA,HUANCAVELICA,5,90,174.0,0.0466,0.2937,0.2471
870,140307,MOTUPE,LAMBAYEQUE,5,90,0.0,0.0465,0.1637,0.1172
871,120304,SAN LUIS DE SHUARO,JUNIN,4,59,10.0,0.0464,0.2146,0.1682
872,100510,SINGA,HUANUCO,4,59,0.0,0.0464,0.1543,0.1078
873,090508,SAN MIGUEL DE MAYOCC,HUANCAVELICA,1,14,349.0,0.0464,0.2439,0.1975
874,100606,MARIANO DAMASO BERAUN,HUANUCO,4,59,0.0,0.0464,0.1543,0.1078
875,100313,PACHAS,HUANUCO,7,259,110.0,0.0463,0.2944,0.2481
876,050105,CHIARA,AYACUCHO,5,91,0.0,0.0463,0.1634,0.1172
877,200803,BERNAL,PIURA,1,18,14299.0,0.0463,0.329,0.2827
878,080202,ACOPIA,CUSCO,1,14,0.0,0.0462,0.0965,0.0503
879,040105,CHARACATO,AREQUIPA,1,14,0.0,0.0462,0.0965,0.0503
880,230204,CURIBAYA,TACNA,1,14,0.0,0.0462,0.0965,0.0503
881,150724,SAN PEDRO DE CASTA,LIMA,1,14,0.0,0.0462,0.0965,0.0503
882,120417,MASMA CHICCHE,JUNIN,1,14,0.0,0.0462,0.0965,0.0503
883,080506,PAMPAMARCA,CUSCO,1,14,0.0,0.0462,0.0965,0.0503
884,120134,SICAYA,JUNIN,1,14,0.0,0.0462,0.0965,0.0503
885,040307,CHALA,AREQUIPA,1,14,2.0,0.0462,0.1241,0.0779
886,210304,COASA,PUNO,6,147,0.0,0.0461,0.1703,0.1242
887,061202,SAN BERNARDINO,CAJAMARCA,3,39,0.0,0.0461,0.1414,0.0952
888,240202,CASITAS,TUMBES,3,39,18.0,0.0461,0.2155,0.1693
889,010609,OMIA,AMAZONAS,4,60,0.0,0.046,0.1539,0.1078
890,110503,HUMAY,ICA,4,60,0.0,0.046,0.1539,0.1078
891,160102,ALTO NANAY,LORETO,4,60,0.0,0.046,0.1539,0.1078
892,080405,PISAC,CUSCO,4,60,0.0,0.046,0.1539,0.1078
893,131101,CASCAS,LA LIBERTAD,6,166,2508.0,0.0459,0.3657,0.3198
894,050503,AYNA,AYACUCHO,3,48,8701.0,0.0459,0.3643,0.3184
895,250203,TAHUANIA,UCAYALI,5,94,40.0,0.0457,0.2563,0.2106
896,090507,PAUCARBAMBA,HUANCAVELICA,5,94,66.0,0.0457,0.2687,0.223
897,130802,BULDIBUYO,LA LIBERTAD,4,61,0.0,0.0456,0.1535,0.1078
898,060807,POMAHUACA,CAJAMARCA,5,95,194.0,0.0456,0.2954,0.2498
899,230202,CAIRANI,TACNA,2,25,0.0,0.0455,0.123,0.0775
900,060302,CHUMUCH,CAJAMARCA,2,25,0.0,0.0455,0.123,0.0775
901,230303,ITE,TACNA,2,25,0.0,0.0455,0.123,0.0775
902,021808,SANTA,ANCASH,2,25,0.0,0.0455,0.123,0.0775
903,020512,MANGAS,ANCASH,2,25,0.0,0.0455,0.123,0.0775
904,050202,CHUSCHI,AYACUCHO,5,95,30.0,0.0455,0.2491,0.2036
905,080903,HUAYOPATA,CUSCO,5,95,0.0,0.0455,0.1626,0.1172
906,130207,SANTIAGO DE CAO,LA LIBERTAD,3,40,0.0,0.0454,0.1407,0.0952
907,220510,TABALOSOS,SAN MARTIN,4,65,2023.0,0.0454,0.3437,0.2983
908,030203,CHIARA,APURIMAC,3,40,0.0,0.0454,0.1407,0.0952
909,030606,ONGOY,APURIMAC,3,40,0.0,0.0454,0.1407,0.0952
910,131103,MARMOT,LA LIBERTAD,3,40,0.0,0.0454,0.1407,0.0952
911,081304,MACHUPICCHU,CUSCO,3,40,0.0,0.0454,0.1407,0.0952
912,200204,LAGUNAS,PIURA,4,62,0.0,0.0453,0.1531,0.1078
913,150808,PACCHO,LIMA,4,62,0.0,0.0453,0.1531,0.1078
914,210502,CAPAZO,PUNO,6,157,0.0,0.0452,0.1694,0.1242
915,211201,SANDIA,PUNO,4,64,1049.0,0.0452,0.3275,0.2823
916,210708,PUCARA,PUNO,5,97,0.0,0.0451,0.1622,0.1172
917,160305,URARINAS,LORETO,6,159,0.0,0.045,0.1692,0.1242
918,061109,NIEPOS,CAJAMARCA,4,63,0.0,0.0449,0.1527,0.1078
919,020703,YAUYA,ANCASH,5,98,0.0,0.0449,0.1621,0.1172
920,110204,CHINCHA BAJA,ICA,4,63,0.0,0.0449,0.1527,0.1078
921,051101,VILCAS HUAMAN,AYACUCHO,5,99,100.0,0.0448,0.278,0.2333
922,211207,SAN JUAN DEL ORO,PUNO,3,41,0.0,0.0447,0.14,0.0952
923,160801,PUTUMAYO,LORETO,3,41,0.0,0.0447,0.14,0.0952
924,240203,CANOAS DE PUNTA SAL,TUMBES,3,41,4.0,0.0447,0.1805,0.1357
925,110102,LA TINGUIÑA,ICA,3,42,1090.0,0.0447,0.3154,0.2707
926,020302,ACZO,ANCASH,3,41,0.0,0.0447,0.14,0.0952
927,010301,JUMBILLA,AMAZONAS,3,41,0.0,0.0447,0.14,0.0952
928,010604,HUAMBO,AMAZONAS,3,41,0.0,0.0447,0.14,0.0952
929,230109,SAMA,TACNA,3,41,0.0,0.0447,0.14,0.0952
930,030607,URANMARCA,APURIMAC,3,41,0.0,0.0447,0.14,0.0952
931,100112,YACUS,HUANUCO,3,41,0.0,0.0447,0.14,0.0952
932,060106,JESUS,CAJAMARCA,5,100,122.0,0.0446,0.2828,0.2382
933,020513,PACLLON,ANCASH,2,26,0.0,0.0443,0.1218,0.0775
934,021103,CULEBRAS,ANCASH,2,26,0.0,0.0443,0.1218,0.0775
935,140303,ILLIMO,LAMBAYEQUE,2,26,0.0,0.0443,0.1218,0.0775
936,030413,SORAYA,APURIMAC,2,28,3781.0,0.0443,0.3269,0.2826
937,081004,COLCHA,CUSCO,2,26,0.0,0.0443,0.1218,0.0775
938,150602,ATAVILLOS ALTO,LIMA,4,65,0.0,0.0442,0.152,0.1078
939,210214,SANTIAGO DE PUPUJA,PUNO,4,65,0.0,0.0442,0.152,0.1078
940,010109,LA JALCA,AMAZONAS,6,171,0.0,0.0441,0.1683,0.1242
941,140206,PUEBLO NUEVO,LAMBAYEQUE,1,15,491.0,0.0441,0.2501,0.206
942,040606,RIO GRANDE,AREQUIPA,3,42,0.0,0.0441,0.1393,0.0952
943,220709,TINGO DE PONASA,SAN MARTIN,5,104,117.0,0.0439,0.2811,0.2372
944,151023,PUTINZA,LIMA,1,15,195.0,0.0439,0.2269,0.183
945,050113,TAMBILLO,AYACUCHO,4,66,0.0,0.0439,0.1517,0.1078
946,150807,LEONCIO PRADO,LIMA,4,66,0.0,0.0439,0.1517,0.1078
947,051107,SAURAMA,AYACUCHO,1,15,0.0,0.0438,0.094,0.0503
948,151017,HUAÑEC,LIMA,1,15,0.0,0.0438,0.094,0.0503
949,050904,CHILCAYOC,AYACUCHO,1,15,0.0,0.0438,0.094,0.0503
950,021504,HUACASCHUQUE,ANCASH,1,15,0.0,0.0438,0.094,0.0503
951,150719,SAN JUAN DE IRIS,LIMA,1,15,0.0,0.0438,0.094,0.0503
952,010116,OLLEROS,AMAZONAS,1,15,0.0,0.0438,0.094,0.0503
953,150501,SAN VICENTE DE CAÑETE,LIMA,2,95,40166.0,0.0437,0.3643,0.3206
954,030415,TINTAY,APURIMAC,4,85,7997.0,0.0436,0.3729,0.3293
955,130201,ASCOPE,LA LIBERTAD,2,29,4196.0,0.0436,0.3285,0.285
956,120201,CONCEPCION,JUNIN,1,17,6777.0,0.0436,0.312,0.2683
957,050804,LAMPA,AYACUCHO,3,43,0.0,0.0435,0.1387,0.0952
958,220902,ALBERTO LEVEAU,SAN MARTIN,2,27,190.0,0.0433,0.2528,0.2096
959,140119,PUCALA,LAMBAYEQUE,2,27,0.0,0.0432,0.1206,0.0775
960,010501,LAMUD,AMAZONAS,2,27,0.0,0.0432,0.1206,0.0775
961,120419,MONOBAMBA,JUNIN,2,27,0.0,0.0432,0.1206,0.0775
962,060306,JOSE GALVEZ,CAJAMARCA,2,27,0.0,0.0432,0.1206,0.0775
963,060110,MATARA,CAJAMARCA,2,27,0.0,0.0432,0.1206,0.0775
964,050621,SANTA LUCIA,AYACUCHO,4,68,0.0,0.0432,0.151,0.1078
965,140201,FERREÑAFE,LAMBAYEQUE,2,27,0.0,0.0432,0.1206,0.0775
966,110505,PARACAS,ICA,2,27,0.0,0.0432,0.1206,0.0775
967,100702,CHOLON,HUANUCO,4,68,0.0,0.0432,0.151,0.1078
968,050102,ACOCRO,AYACUCHO,5,109,21.0,0.0431,0.238,0.195
969,210801,AYAVIRI,PUNO,6,243,4603.0,0.043,0.3768,0.3338
970,030401,CHALHUANCA,APURIMAC,3,75,18603.0,0.043,0.3747,0.3317
971,120426,POMACANCHA,JUNIN,3,44,0.0,0.0429,0.1381,0.0952
972,090511,COSME,HUANCAVELICA,3,44,0.0,0.0429,0.1381,0.0952
973,210808,SANTA ROSA,PUNO,5,110,0.0,0.0429,0.1601,0.1172
974,050403,HUAMANGUILLA,AYACUCHO,3,44,0.0,0.0429,0.1381,0.0952
975,130903,COCHORCO,LA LIBERTAD,5,111,0.0,0.0428,0.1599,0.1172
976,090714,SALCABAMBA,HUANCAVELICA,4,70,101.0,0.0427,0.2669,0.2242
977,131008,SITABAMBA,LA LIBERTAD,4,70,0.0,0.0426,0.1504,0.1078
978,060303,CORTEGANA,CAJAMARCA,4,70,0.0,0.0426,0.1504,0.1078
979,021601,POMABAMBA,ANCASH,6,245,4088.0,0.0426,0.3737,0.3311
980,050702,CHUMPI,AYACUCHO,4,71,0.0,0.0423,0.1501,0.1078
981,110403,RIO GRANDE,ICA,3,45,0.0,0.0423,0.1376,0.0952
982,150906,PACHANGARA,LIMA,3,45,0.0,0.0423,0.1376,0.0952
983,151007,CARANIA,LIMA,2,28,197.0,0.0422,0.2527,0.2105
984,010117,QUINJALCA,AMAZONAS,2,28,0.0,0.0421,0.1196,0.0775
985,130106,LAREDO,LA LIBERTAD,3,57,8692.0,0.0421,0.3605,0.3184
986,150710,LAHUAYTAMBO,LIMA,2,28,0.0,0.0421,0.1196,0.0775
987,010506,INGUILPATA,AMAZONAS,2,28,0.0,0.0421,0.1196,0.0775
988,021008,HUANTAR,ANCASH,2,28,0.0,0.0421,0.1196,0.0775
989,080207,SANGARARA,CUSCO,2,28,0.0,0.0421,0.1196,0.0775
990,150804,CHECRAS,LIMA,2,28,0.0,0.0421,0.1196,0.0775
991,200209,SICCHEZ,PIURA,2,28,0.0,0.0421,0.1196,0.0775
992,022006,RANRAHIRCA,ANCASH,2,28,0.0,0.0421,0.1196,0.0775
993,190103,HUARIACA,PASCO,4,86,5533.0,0.042,0.3635,0.3215
994,040201,CAMANA,AREQUIPA,0,8,9418.0,0.0419,0.2666,0.2248
995,050909,SAN SALVADOR DE QUIJE,AYACUCHO,3,46,0.0,0.0418,0.137,0.0952
996,021907,QUICHES,ANCASH,2,30,2772.0,0.0418,0.3172,0.2754
997,021903,ALFONSO UGARTE,ANCASH,1,16,407.0,0.0418,0.2432,0.2013
998,230203,CAMILACA,TACNA,3,46,0.0,0.0418,0.137,0.0952
999,120403,APATA,JUNIN,5,118,0.0,0.0418,0.1589,0.1172
1000,090303,CALLANMARCA,HUANCAVELICA,1,16,361.0,0.0418,0.2402,0.1984
1001,200208,SAPILLICA,PIURA,4,73,0.0,0.0417,0.1496,0.1078
1002,050505,CHUNGUI,AYACUCHO,4,73,0.0,0.0417,0.1496,0.1078
1003,150608,PACARAOS,LIMA,4,73,0.0,0.0417,0.1496,0.1078
1004,030705,MAMARA,APURIMAC,1,16,0.0,0.0416,0.0918,0.0503
1005,010120,SOLOCO,AMAZONAS,1,16,0.0,0.0416,0.0918,0.0503
1006,061001,PEDRO GALVEZ,CAJAMARCA,4,81,3051.0,0.0416,0.3496,0.308
1007,100705,SANTA ROSA DE ALTO YANAJANCA,HUANUCO,1,16,0.0,0.0416,0.0918,0.0503
1008,021403,CAJAMARQUILLA,ANCASH,1,16,0.0,0.0416,0.0918,0.0503
1009,081307,YUCAY,CUSCO,1,16,0.0,0.0416,0.0918,0.0503
1010,210504,SANTA ROSA,PUNO,7,484,0.0,0.0416,0.1713,0.1296
1011,100803,MOLINO,HUANUCO,5,120,0.0,0.0415,0.1587,0.1172
1012,010113,MARISCAL CASTILLA,AMAZONAS,4,74,0.0,0.0415,0.1493,0.1078
1013,050619,SANCOS,AYACUCHO,6,213,0.0,0.0415,0.1658,0.1242
1014,051011,SARHUA,AYACUCHO,4,74,0.0,0.0415,0.1493,0.1078
1015,120808,SANTA ROSA DE SACCO,JUNIN,2,34,7775.0,0.0414,0.3398,0.2984
1016,180303,PACOCHA,MOQUEGUA,1,18,5725.0,0.0413,0.3059,0.2647
1017,110109,SAN JOSE DE LOS MOLINOS,ICA,3,47,0.0,0.0412,0.1365,0.0952
1018,090116,VILCA,HUANCAVELICA,4,75,7.0,0.0412,0.2014,0.1602
1019,150604,AUCALLAMA,LIMA,4,75,0.0,0.0412,0.149,0.1078
1020,050109,SAN JOSE DE TICLLAS,AYACUCHO,3,47,0.0,0.0412,0.1365,0.0952
1021,150705,CHICLA,LIMA,3,47,0.0,0.0412,0.1365,0.0952
1022,030109,TAMBURCO,APURIMAC,3,47,0.0,0.0412,0.1365,0.0952
1023,210704,NICASIO,PUNO,2,29,0.0,0.0411,0.1185,0.0775
1024,040304,ATIQUIPA,AREQUIPA,2,29,0.0,0.0411,0.1185,0.0775
1025,020603,AMASHCA,ANCASH,2,29,0.0,0.0411,0.1185,0.0775
1026,030714,CURASCO,APURIMAC,2,29,0.0,0.0411,0.1185,0.0775
1027,030220,JOSE MARIA ARGUEDAS,APURIMAC,2,29,0.0,0.0411,0.1185,0.0775
1028,130809,PATAZ,LA LIBERTAD,5,124,0.0,0.041,0.1582,0.1172
1029,030305,OROPESA,APURIMAC,6,226,0.0,0.0409,0.1652,0.1242
1030,101101,CHAVINILLO,HUANUCO,5,125,0.0,0.0409,0.1581,0.1172
1031,130907,SARIN,LA LIBERTAD,5,126,0.0,0.0408,0.158,0.1172
1032,010105,CHILIQUIN,AMAZONAS,3,48,0.0,0.0407,0.136,0.0952
1033,021509,PAMPAS,ANCASH,4,77,56.0,0.0407,0.2503,0.2096
1034,100804,UMARI,HUANUCO,4,77,0.0,0.0407,0.1485,0.1078
1035,040125,VITOR,AREQUIPA,4,77,0.0,0.0407,0.1485,0.1078
1036,020802,BUENA VISTA ALTA,ANCASH,3,48,0.0,0.0407,0.136,0.0952
1037,210308,OLLACHEA,PUNO,4,78,0.0,0.0405,0.1483,0.1078
1038,060308,OXAMARCA,CAJAMARCA,4,78,9.0,0.0405,0.2063,0.1658
1039,090718,TINTAY PUNCU,HUANCAVELICA,4,78,48.0,0.0405,0.2463,0.2058
1040,220701,PICOTA,SAN MARTIN,4,87,3227.0,0.0404,0.3497,0.3093
1041,081102,CAICAY,CUSCO,3,49,0.0,0.0403,0.1355,0.0952
1042,021210,YURACMARCA,ANCASH,3,49,0.0,0.0403,0.1355,0.0952
1043,021602,HUAYLLAN,ANCASH,3,49,0.0,0.0403,0.1355,0.0952
1044,090305,CHINCHO,HUANCAVELICA,2,30,49.0,0.0402,0.2161,0.1759
1045,040204,MARISCAL CACERES,AREQUIPA,2,30,0.0,0.0401,0.1176,0.0775
1046,230107,PALCA,TACNA,5,132,0.0,0.0401,0.1573,0.1172
1047,230105,INCLAN,TACNA,2,30,0.0,0.0401,0.1176,0.0775
1048,021306,LLUMPA,ANCASH,4,80,0.0,0.04,0.1478,0.1078
1049,210607,TARACO,PUNO,5,136,248.0,0.0399,0.2958,0.2559
1050,110303,EL INGENIO,ICA,3,50,0.0,0.0398,0.135,0.0952
1051,030712,VILCABAMBA,APURIMAC,1,17,211.0,0.0398,0.2247,0.185
1052,130403,PUEBLO NUEVO,LA LIBERTAD,3,50,0.0,0.0398,0.135,0.0952
1053,060808,PUCARA,CAJAMARCA,3,53,2025.0,0.0397,0.3254,0.2857
1054,090723,SANTIAGO DE TUCUMA,HUANCAVELICA,1,17,6.0,0.0396,0.1389,0.0992
1055,220706,SAN CRISTOBAL,SAN MARTIN,1,17,0.0,0.0396,0.0899,0.0503
1056,090713,QUISHUAR,HUANCAVELICA,1,17,1.0,0.0396,0.1073,0.0677
1057,040123,TIABAYA,AREQUIPA,1,17,0.0,0.0396,0.0899,0.0503
1058,010612,VISTA ALEGRE,AMAZONAS,1,17,0.0,0.0396,0.0899,0.0503
1059,040313,YAUCA,AREQUIPA,1,17,22.0,0.0396,0.1688,0.1292
1060,100608,CASTILLO GRANDE,HUANUCO,1,17,0.0,0.0396,0.0899,0.0503
1061,190105,NINACACA,PASCO,5,139,4.0,0.0394,0.1971,0.1577
1062,020110,PARIACOTO,ANCASH,3,51,0.0,0.0393,0.1346,0.0952
1063,020611,YUNGAR,ANCASH,4,83,0.0,0.0393,0.1471,0.1078
1064,150407,SANTA ROSA DE QUIVES,LIMA,4,83,0.0,0.0393,0.1471,0.1078
1065,090503,CHINCHIHUASI,HUANCAVELICA,3,51,0.0,0.0393,0.1346,0.0952
1066,100402,CANCHABAMBA,HUANUCO,2,31,0.0,0.0392,0.1167,0.0775
1067,080407,TARAY,CUSCO,2,31,0.0,0.0392,0.1167,0.0775
1068,061002,CHANCAY,CAJAMARCA,2,31,1.0,0.0392,0.1341,0.0949
1069,021502,BOLOGNESI,ANCASH,2,31,0.0,0.0392,0.1167,0.0775
1070,220910,MORALES,SAN MARTIN,2,37,7374.0,0.0392,0.3365,0.2973
1071,080301,ANTA,CUSCO,4,84,0.0,0.0391,0.1469,0.1078
1072,130611,SALPO,LA LIBERTAD,4,84,0.0,0.0391,0.1469,0.1078
1073,100105,MARGOS,HUANUCO,5,143,0.0,0.0391,0.1562,0.1172
1074,030205,HUANCARAY,APURIMAC,4,85,0.0,0.0389,0.1467,0.1078
1075,060312,LA LIBERTAD DE PALLAN,CAJAMARCA,3,52,6.0,0.0389,0.1831,0.1442
1076,150717,SAN BARTOLOME,LIMA,3,52,0.0,0.0389,0.1341,0.0952
1077,050706,PUYUSCA,AYACUCHO,4,85,0.0,0.0389,0.1467,0.1078
1078,110206,GROCIO PRADO,ICA,3,52,0.0,0.0389,0.1341,0.0952
1079,130608,MACHE,LA LIBERTAD,3,52,0.0,0.0389,0.1341,0.0952
1080,210105,CAPACHICA,PUNO,5,146,0.0,0.0388,0.156,0.1172
1081,090613,SANTIAGO DE CHOCORVOS,HUANCAVELICA,6,290,0.0,0.0388,0.163,0.1242
1082,211202,CUYOCUYO,PUNO,4,86,0.0,0.0387,0.1465,0.1078
1083,050708,UPAHUACHO,AYACUCHO,5,147,0.0,0.0387,0.1559,0.1172
1084,050302,CARAPO,AYACUCHO,5,149,0.0,0.0386,0.1557,0.1172
1085,150901,OYON,LIMA,6,297,0.0,0.0386,0.1628,0.1242
1086,190207,TAPUC,PASCO,3,53,25.0,0.0385,0.2157,0.1772
1087,160302,PARINARI,LORETO,3,53,0.0,0.0385,0.1337,0.0952
1088,131005,MOLLEPATA,LA LIBERTAD,2,32,0.0,0.0384,0.1159,0.0775
1089,180104,SAMEGUA,MOQUEGUA,2,32,0.0,0.0384,0.1159,0.0775
1090,120112,COLCA,JUNIN,2,32,0.0,0.0384,0.1159,0.0775
1091,080508,TUPAC AMARU,CUSCO,3,54,0.0,0.0381,0.1333,0.0952
1092,130202,CHICAMA,LA LIBERTAD,2,34,2080.0,0.0381,0.3066,0.2686
1093,021014,SAN MARCOS,ANCASH,5,155,0.0,0.0381,0.1552,0.1172
1094,050406,SANTILLANA,AYACUCHO,4,89,0.0,0.0381,0.1459,0.1078
1095,040706,PUNTA DE BOMBON,AREQUIPA,1,18,226.0,0.038,0.2247,0.1867
1096,021407,LLIPA,ANCASH,1,18,0.0,0.0379,0.0881,0.0503
1097,210207,JOSE DOMINGO CHOQUEHUANCA,PUNO,1,18,0.0,0.0379,0.0881,0.0503
1098,030709,SAN ANTONIO,APURIMAC,1,18,0.0,0.0379,0.0881,0.0503
1099,010303,CHURUJA,AMAZONAS,1,18,0.0,0.0379,0.0881,0.0503
1100,150516,ZUÑIGA,LIMA,1,18,0.0,0.0379,0.0881,0.0503
1101,010102,ASUNCION,AMAZONAS,1,18,0.0,0.0379,0.0881,0.0503
1102,050810,SARA SARA,AYACUCHO,1,18,0.0,0.0379,0.0881,0.0503
1103,022002,CASCAPARA,ANCASH,2,33,0.0,0.0376,0.1151,0.0775
1104,210606,ROSASPATA,PUNO,5,162,0.0,0.0376,0.1547,0.1172
1105,090611,SAN FRANCISCO DE SANGAYAICO,HUANCAVELICA,2,33,0.0,0.0376,0.1151,0.0775
1106,060615,TORIBIO CASANOVA,CAJAMARCA,2,33,0.0,0.0376,0.1151,0.0775
1107,061104,CATILLUC,CAJAMARCA,2,33,0.0,0.0376,0.1151,0.0775
1108,081006,OMACHA,CUSCO,4,93,0.0,0.0374,0.1452,0.1078
1109,080404,LARES,CUSCO,4,93,0.0,0.0374,0.1452,0.1078
1110,021906,HUAYLLABAMBA,ANCASH,3,56,0.0,0.0373,0.1326,0.0952
1111,100206,SAN FRANCISCO,HUANUCO,3,56,0.0,0.0373,0.1326,0.0952
1112,020701,SAN LUIS,ANCASH,5,165,0.0,0.0373,0.1545,0.1172
1113,160404,SAN PABLO,LORETO,3,56,0.0,0.0373,0.1326,0.0952
1114,051008,HUAMANQUIQUIA,AYACUCHO,3,56,0.0,0.0373,0.1326,0.0952
1115,140108,MONSEFU,LAMBAYEQUE,3,56,0.0,0.0373,0.1326,0.0952
1116,101106,OBAS,HUANUCO,5,167,0.0,0.0372,0.1544,0.1172
1117,090204,CAJA,HUANCAVELICA,3,61,2675.0,0.0372,0.3295,0.2923
1118,090312,SECCLLA,HUANCAVELICA,2,34,147.0,0.0369,0.2401,0.2032
1119,051009,HUANCARAYLLA,AYACUCHO,3,57,0.0,0.0369,0.1322,0.0952
1120,030306,PACHACONAS,APURIMAC,3,57,0.0,0.0369,0.1322,0.0952
1121,130705,SAN JOSE,LA LIBERTAD,2,34,0.0,0.0368,0.1143,0.0775
1122,010518,SAN JERONIMO,AMAZONAS,2,34,0.0,0.0368,0.1143,0.0775
1123,021004,CHAVIN DE HUANTAR,ANCASH,4,97,101.0,0.0368,0.261,0.2242
1124,110507,SAN CLEMENTE,ICA,2,34,0.0,0.0368,0.1143,0.0775
1125,211104,CARACOTO,PUNO,5,175,0.0,0.0367,0.1538,0.1172
1126,050602,AUCARA,AYACUCHO,5,175,0.0,0.0367,0.1538,0.1172
1127,021307,LUCMA,ANCASH,3,58,0.0,0.0366,0.1318,0.0952
1128,040802,ALCA,AREQUIPA,1,19,0.0,0.0363,0.0865,0.0503
1129,030304,JUAN ESPINOZA MEDRANO,APURIMAC,5,182,0.0,0.0363,0.1534,0.1172
1130,040116,SABANDIA,AREQUIPA,1,19,0.0,0.0363,0.0865,0.0503
1131,110211,TAMBO DE MORA,ICA,1,19,0.0,0.0363,0.0865,0.0503
1132,010115,MONTEVIDEO,AMAZONAS,1,19,0.0,0.0363,0.0865,0.0503
1133,090104,CONAYCA,HUANCAVELICA,1,19,0.0,0.0363,0.0865,0.0503
1134,240303,MATAPALO,TUMBES,1,19,0.0,0.0363,0.0865,0.0503
1135,030302,EL ORO,APURIMAC,1,19,0.0,0.0363,0.0865,0.0503
1136,211307,UNICACHI,PUNO,1,19,0.0,0.0363,0.0865,0.0503
1137,150731,SANTO DOMINGO DE LOS OLLEROS,LIMA,3,59,0.0,0.0363,0.1315,0.0952
1138,220403,EL ESLABON,SAN MARTIN,3,60,675.0,0.0363,0.2952,0.2589
1139,151013,HUAMPARA,LIMA,1,19,0.0,0.0363,0.0865,0.0503
1140,090710,ÑAHUIMPUQUIO,HUANCAVELICA,1,19,0.0,0.0363,0.0865,0.0503
1141,090112,MOYA,HUANCAVELICA,2,35,64.0,0.0362,0.2187,0.1825
1142,220302,AGUA BLANCA,SAN MARTIN,2,35,1.0,0.0361,0.131,0.0949
1143,150402,ARAHUAY,LIMA,2,35,0.0,0.0361,0.1136,0.0775
1144,080402,COYA,CUSCO,2,35,0.0,0.0361,0.1136,0.0775
1145,010606,LONGAR,AMAZONAS,2,35,0.0,0.0361,0.1136,0.0775
1146,030707,PATAYPAMPA,APURIMAC,2,35,0.0,0.0361,0.1136,0.0775
1147,140120,TUMAN,LAMBAYEQUE,2,35,0.0,0.0361,0.1136,0.0775
1148,020305,MIRGAS,ANCASH,4,103,0.0,0.0358,0.1436,0.1078
1149,050606,CHIPAO,AYACUCHO,5,195,0.0,0.0356,0.1527,0.1172
1150,081205,CCATCA,CUSCO,5,194,0.0,0.0356,0.1528,0.1172
1151,220705,PUCACACA,SAN MARTIN,2,36,249.0,0.0356,0.2519,0.2163
1152,050103,ACOS VINCHOS,AYACUCHO,3,61,0.0,0.0356,0.1308,0.0952
1153,100103,CHINCHAO,HUANUCO,4,105,0.0,0.0355,0.1433,0.1078
1154,080703,CHAMACA,CUSCO,5,197,0.0,0.0355,0.1526,0.1172
1155,020306,SAN JUAN DE RONTOY,ANCASH,2,36,0.0,0.0354,0.1129,0.0775
1156,170102,INAMBARI,MADRE DE DIOS,2,36,0.0,0.0354,0.1129,0.0775
1157,050510,ANCHIHUAY,AYACUCHO,2,36,0.0,0.0354,0.1129,0.0775
1158,060102,ASUNCION,CAJAMARCA,4,106,108.0,0.0354,0.2613,0.2259
1159,180203,COALAQUE,MOQUEGUA,2,36,0.0,0.0354,0.1129,0.0775
1160,021707,PAMPAS CHICO,ANCASH,2,36,0.0,0.0354,0.1129,0.0775
1161,040402,ANDAGUA,AREQUIPA,2,36,0.0,0.0354,0.1129,0.0775
1162,100504,JACAS GRANDE,HUANUCO,5,202,0.0,0.0353,0.1524,0.1172
1163,061110,SAN GREGORIO,CAJAMARCA,3,62,0.0,0.0353,0.1305,0.0952
1164,130804,HUANCASPATA,LA LIBERTAD,4,107,0.0,0.0352,0.1431,0.1078
1165,100317,RIPAN,HUANUCO,4,107,2.0,0.0352,0.1707,0.1355
1166,150716,SAN ANTONIO,LIMA,2,40,3564.0,0.0352,0.3164,0.2812
1167,100404,PINRA,HUANUCO,3,63,0.0,0.035,0.1302,0.0952
1168,100607,PUCAYACU,HUANUCO,1,20,0.0,0.0348,0.0851,0.0503
1169,061103,CALQUIS,CAJAMARCA,2,37,0.0,0.0348,0.1123,0.0775
1170,010104,CHETO,AMAZONAS,1,20,0.0,0.0348,0.0851,0.0503
1171,010310,SHIPASBAMBA,AMAZONAS,1,20,0.0,0.0348,0.0851,0.0503
1172,100610,SANTO DOMINGO DE ANDA,HUANUCO,1,20,0.0,0.0348,0.0851,0.0503
1173,090115,PILCHACA,HUANCAVELICA,1,20,3.0,0.0348,0.12,0.0852
1174,150406,SAN BUENAVENTURA,LIMA,2,37,0.0,0.0348,0.1123,0.0775
1175,050803,CORCULLA,AYACUCHO,1,20,0.0,0.0348,0.0851,0.0503
1176,060305,JORGE CHAVEZ,CAJAMARCA,1,20,0.0,0.0348,0.0851,0.0503
1177,220509,SHANAO,SAN MARTIN,1,20,0.0,0.0348,0.0851,0.0503
1178,040127,YARABAMBA,AREQUIPA,1,20,0.0,0.0348,0.0851,0.0503
1179,021503,CONCHUCOS,ANCASH,4,114,692.0,0.0348,0.3069,0.2721
1180,050903,CHALCOS,AYACUCHO,1,20,0.0,0.0348,0.0851,0.0503
1181,190204,PAUCAR,PASCO,3,64,0.0,0.0347,0.1299,0.0952
1182,020702,SAN NICOLAS,ANCASH,3,65,420.0,0.0347,0.2818,0.2471
1183,090502,ANCO,HUANCAVELICA,4,111,0.0,0.0347,0.1426,0.1078
1184,080604,MARANGANI,CUSCO,4,112,0.0,0.0346,0.1424,0.1078
1185,050108,QUINUA,AYACUCHO,3,65,0.0,0.0344,0.1296,0.0952
1186,010517,SAN FRANCISCO DEL YESO,AMAZONAS,3,65,0.0,0.0344,0.1296,0.0952
1187,080904,MARANURA,CUSCO,3,65,0.0,0.0344,0.1296,0.0952
1188,100307,CHUQUIS,HUANUCO,4,115,63.0,0.0343,0.2468,0.2125
1189,210305,CORANI,PUNO,5,227,0.0,0.0342,0.1514,0.1172
1190,030417,YANACA,APURIMAC,2,47,7490.0,0.0342,0.3318,0.2976
1191,030303,HUAQUIRCA,APURIMAC,4,116,0.0,0.0341,0.142,0.1078
1192,050609,LEONCIO PRADO,AYACUCHO,4,116,0.0,0.0341,0.142,0.1078
1193,040501,CHIVAY,AREQUIPA,3,70,1749.0,0.0341,0.3163,0.2822
1194,060803,CHONTALI,CAJAMARCA,3,67,220.0,0.034,0.265,0.231
1195,050204,MARIA PARADO DE BELLIDO,AYACUCHO,3,67,36.0,0.0339,0.22,0.1861
1196,130806,HUAYO,LA LIBERTAD,3,67,0.0,0.0339,0.1291,0.0952
1197,030407,IHUAYLLO,APURIMAC,2,41,2284.0,0.0339,0.3047,0.2708
1198,140102,CHONGOYAPE,LAMBAYEQUE,3,67,0.0,0.0339,0.1291,0.0952
1199,100802,CHAGLLA,HUANUCO,4,118,0.0,0.0339,0.1417,0.1078
1200,022005,QUILLO,ANCASH,4,119,0.0,0.0338,0.1416,0.1078
1201,150512,QUILMANA,LIMA,2,41,1991.0,0.0337,0.3012,0.2675
1202,130906,SANAGORAN,LA LIBERTAD,4,120,0.0,0.0337,0.1415,0.1078
1203,180105,SAN CRISTOBAL,MOQUEGUA,3,68,0.0,0.0336,0.1288,0.0952
1204,160304,TROMPETEROS,LORETO,3,68,0.0,0.0336,0.1288,0.0952
1205,051105,HUAMBALPA,AYACUCHO,2,39,0.0,0.0336,0.1111,0.0775
1206,061113,UNION AGUA BLANCA,CAJAMARCA,2,39,0.0,0.0336,0.1111,0.0775
1207,120902,AHUAC,JUNIN,2,39,0.0,0.0336,0.1111,0.0775
1208,150607,LAMPIAN,LIMA,2,39,0.0,0.0336,0.1111,0.0775
1209,090721,ROBLE,HUANCAVELICA,1,21,108.0,0.0336,0.2019,0.1683
1210,210205,CAMINACA,PUNO,2,39,0.0,0.0336,0.1111,0.0775
1211,100208,TOMAY KICHWA,HUANUCO,2,39,0.0,0.0336,0.1111,0.0775
1212,030502,COTABAMBAS,APURIMAC,4,122,0.0,0.0335,0.1413,0.1078
1213,120207,HEROINAS TOLEDO,JUNIN,1,21,0.0,0.0335,0.0838,0.0503
1214,151033,VITIS,LIMA,1,21,0.0,0.0335,0.0838,0.0503
1215,030706,MICAELA BASTIDAS,APURIMAC,1,21,0.0,0.0335,0.0838,0.0503
1216,080107,SAYLLA,CUSCO,1,21,0.0,0.0335,0.0838,0.0503
1217,080204,MOSOC LLACTA,CUSCO,1,21,0.0,0.0335,0.0838,0.0503
1218,050808,SAN JAVIER DE ALPABAMBA,AYACUCHO,1,21,0.0,0.0335,0.0838,0.0503
1219,150401,CANTA,LIMA,4,122,0.0,0.0335,0.1413,0.1078
1220,050805,MARCABAMBA,AYACUCHO,1,21,0.0,0.0335,0.0838,0.0503
1221,120410,HUERTAS,JUNIN,1,21,0.0,0.0335,0.0838,0.0503
1222,081008,PILLPINTO,CUSCO,1,21,0.0,0.0335,0.0838,0.0503
1223,211210,SAN PEDRO DE PUTINA PUNCO,PUNO,3,69,0.0,0.0333,0.1286,0.0952
1224,040310,JAQUI,AREQUIPA,2,40,24.0,0.0331,0.1916,0.1585
1225,130604,CHARAT,LA LIBERTAD,3,70,0.0,0.0331,0.1283,0.0952
1226,090401,CASTROVIRREYNA,HUANCAVELICA,5,273,555.0,0.0331,0.3091,0.2759
1227,131104,SAYAPULLO,LA LIBERTAD,3,70,0.0,0.0331,0.1283,0.0952
1228,130811,SANTIAGO DE CHALLAS,LA LIBERTAD,2,40,0.0,0.0331,0.1105,0.0775
1229,021904,CASHAPAMPA,ANCASH,3,70,0.0,0.0331,0.1283,0.0952
1230,090201,ACOBAMBA,HUANCAVELICA,3,76,2067.0,0.033,0.3192,0.2862
1231,230302,ILABAYA,TACNA,2,55,9977.0,0.0329,0.3363,0.3034
1232,021901,SIHUAS,ANCASH,2,43,2263.0,0.0329,0.3035,0.2706
1233,090702,ACOSTAMBO,HUANCAVELICA,3,71,54.0,0.0329,0.229,0.1961
1234,050901,QUEROBAMBA,AYACUCHO,3,73,508.0,0.0327,0.2845,0.2518
1235,090505,LA MERCED,HUANCAVELICA,0,9,1.0,0.0326,0.05,0.0174
1236,061102,BOLIVAR,CAJAMARCA,2,41,0.0,0.0325,0.11,0.0775
1237,030103,CIRCA,APURIMAC,4,132,0.0,0.0325,0.1404,0.1078
1238,050906,MORCOLLA,AYACUCHO,3,73,0.0,0.0324,0.1276,0.0952
1239,190112,VICCO,PASCO,3,73,0.0,0.0324,0.1276,0.0952
1240,090307,HUANCA-HUANCA,HUANCAVELICA,2,42,639.0,0.0324,0.2721,0.2397
1241,120411,JANJAILLO,JUNIN,1,22,0.0,0.0323,0.0826,0.0503
1242,120405,CANCHAYLLO,JUNIN,1,22,0.0,0.0323,0.0826,0.0503
1243,100701,HUACRACHUCO,HUANUCO,4,135,0.0,0.0323,0.1401,0.1078
1244,021404,CARHUAPAMPA,ANCASH,1,22,0.0,0.0323,0.0826,0.0503
1245,010607,MARISCAL BENAVIDES,AMAZONAS,1,22,0.0,0.0323,0.0826,0.0503
1246,100508,PUNCHAO,HUANUCO,1,22,0.0,0.0323,0.0826,0.0503
1247,040513,MADRIGAL,AREQUIPA,1,22,0.0,0.0323,0.0826,0.0503
1248,010505,CONILA,AMAZONAS,1,22,0.0,0.0323,0.0826,0.0503
1249,110402,LLIPATA,ICA,1,22,0.0,0.0323,0.0826,0.0503
1250,021204,HUAYLAS,ANCASH,1,22,0.0,0.0323,0.0826,0.0503
1251,220903,CACATACHI,SAN MARTIN,2,42,233.0,0.0322,0.2468,0.2147
1252,110205,EL CARMEN,ICA,3,74,0.0,0.0322,0.1274,0.0952
1253,130908,SARTIMBAMBA,LA LIBERTAD,4,136,0.0,0.0322,0.14,0.1078
1254,050206,TOTOS,AYACUCHO,3,74,0.0,0.0322,0.1274,0.0952
1255,050205,PARAS,AYACUCHO,5,303,0.0,0.0321,0.1493,0.1172
1256,130205,PAIJAN,LA LIBERTAD,2,43,894.0,0.0321,0.2801,0.248
1257,150612,VEINTISIETE DE NOVIEMBRE,LIMA,2,42,0.0,0.032,0.1095,0.0775
1258,021910,SICSIBAMBA,ANCASH,2,42,0.0,0.032,0.1095,0.0775
1259,190208,VILCABAMBA,PASCO,3,75,0.0,0.032,0.1272,0.0952
1260,090105,CUENCA,HUANCAVELICA,3,75,0.0,0.032,0.1272,0.0952
1261,060109,MAGDALENA,CAJAMARCA,4,140,86.0,0.0319,0.2521,0.2202
1262,021806,NEPEÑA,ANCASH,2,45,1879.0,0.0317,0.2979,0.2661
1263,100113,SAN PABLO DE PILLAO,HUANUCO,3,76,0.0,0.0317,0.127,0.0952
1264,050610,LLAUTA,AYACUCHO,3,76,0.0,0.0317,0.127,0.0952
1265,040119,SAN JUAN DE TARUCANI,AREQUIPA,5,330,0.0,0.0316,0.1487,0.1172
1266,060806,LAS PIRIAS,CAJAMARCA,2,43,54.0,0.0316,0.2099,0.1783
1267,060112,SAN JUAN,CAJAMARCA,2,43,39.0,0.0316,0.2019,0.1703
1268,081302,CHINCHERO,CUSCO,2,43,0.0,0.0315,0.109,0.0775
1269,050405,LURICOCHA,AYACUCHO,3,77,0.0,0.0315,0.1268,0.0952
1270,030206,HUAYANA,APURIMAC,2,43,0.0,0.0315,0.109,0.0775
1271,021208,SANTA CRUZ,ANCASH,3,78,0.0,0.0313,0.1266,0.0952
1272,080704,COLQUEMARCA,CUSCO,4,147,0.0,0.0313,0.1392,0.1078
1273,021408,SAN CRISTOBAL DE RAJAN,ANCASH,1,23,0.0,0.0312,0.0815,0.0503
1274,040512,MACA,AREQUIPA,1,23,0.0,0.0312,0.0815,0.0503
1275,211304,CUTURAPI,PUNO,1,23,0.0,0.0312,0.0815,0.0503
1276,080303,CACHIMAYO,CUSCO,1,23,0.0,0.0312,0.0815,0.0503
1277,230201,CANDARAVE,TACNA,4,148,0.0,0.0312,0.1391,0.1078
1278,020103,COLCABAMBA,ANCASH,1,23,0.0,0.0312,0.0815,0.0503
1279,010511,MARIA,AMAZONAS,1,23,0.0,0.0312,0.0815,0.0503
1280,150508,LUNAHUANA,LIMA,1,23,0.0,0.0312,0.0815,0.0503
1281,180209,QUINISTAQUILLAS,MOQUEGUA,1,23,0.0,0.0312,0.0815,0.0503
1282,030711,TURPAY,APURIMAC,1,23,0.0,0.0312,0.0815,0.0503
1283,150702,ANTIOQUIA,LIMA,2,44,0.0,0.0311,0.1085,0.0775
1284,150514,SAN LUIS,LIMA,1,37,15820.0,0.0309,0.3153,0.2843
1285,210107,COATA,PUNO,3,80,0.0,0.0309,0.1262,0.0952
1286,021805,MORO,ANCASH,3,81,0.0,0.0308,0.126,0.0952
1287,090703,ACRAQUIA,HUANCAVELICA,2,45,96.0,0.0307,0.2233,0.1926
1288,060501,CONTUMAZA,CAJAMARCA,4,165,905.0,0.0307,0.3094,0.2787
1289,151006,CACRA,LIMA,2,45,0.0,0.0306,0.1081,0.0775
1290,040503,CABANACONDE,AREQUIPA,2,45,0.0,0.0306,0.1081,0.0775
1291,100110,YARUMAYO,HUANUCO,2,45,0.0,0.0306,0.1081,0.0775
1292,010514,PISUQUIA,AMAZONAS,3,82,0.0,0.0306,0.1258,0.0952
1293,211002,ANANEA,PUNO,4,159,0.0,0.0305,0.1383,0.1078
1294,221004,SHUNTE,SAN MARTIN,1,24,0.0,0.0302,0.0804,0.0503
1295,150905,NAVAN,LIMA,1,24,0.0,0.0302,0.0804,0.0503
1296,020203,HUACLLAN,ANCASH,1,24,0.0,0.0302,0.0804,0.0503
1297,020505,CAJACAY,ANCASH,3,84,0.0,0.0302,0.1255,0.0952
1298,140302,CHOCHOPE,LAMBAYEQUE,1,24,0.0,0.0302,0.0804,0.0503
1299,040121,SANTA RITA DE SIGUAS,AREQUIPA,1,24,0.0,0.0302,0.0804,0.0503
1300,160510,JENARO HERRERA,LORETO,1,24,0.0,0.0302,0.0804,0.0503
1301,210809,UMACHIRI,PUNO,3,84,0.0,0.0302,0.1255,0.0952
1302,020112,TARICA,ANCASH,2,46,0.0,0.0302,0.1077,0.0775
1303,010112,MAGDALENA,AMAZONAS,2,46,0.0,0.0302,0.1077,0.0775
1304,100106,QUISQUI (KICHKI),HUANUCO,3,85,0.0,0.0301,0.1253,0.0952
1305,040401,APLAO,AREQUIPA,2,53,4092.0,0.0301,0.3145,0.2844
1306,210807,ORURILLO,PUNO,4,166,0.0,0.0301,0.1379,0.1078
1307,021010,PAUCAS,ANCASH,2,47,0.0,0.0298,0.1073,0.0775
1308,090205,MARCAS,HUANCAVELICA,2,49,1322.0,0.0298,0.2874,0.2576
1309,050504,CHILCAS,AYACUCHO,2,47,0.0,0.0298,0.1073,0.0775
1310,180208,PUQUINA,MOQUEGUA,3,87,0.0,0.0297,0.125,0.0952
1311,051012,VILCANCHOS,AYACUCHO,4,175,0.0,0.0296,0.1374,0.1078
1312,210301,MACUSANI,PUNO,4,255,4701.0,0.0295,0.3474,0.3179
1313,220913,SAUCE,SAN MARTIN,2,50,1357.0,0.0295,0.2877,0.2583
1314,021006,HUACCHIS,ANCASH,2,48,0.0,0.0294,0.1069,0.0775
1315,180201,OMATE,MOQUEGUA,2,48,0.0,0.0294,0.1069,0.0775
1316,050910,SANTIAGO DE PAUCARAY,AYACUCHO,2,48,0.0,0.0294,0.1069,0.0775
1317,081301,URUBAMBA,CUSCO,2,57,4767.0,0.0293,0.3171,0.2879
1318,020804,YAUTAN,ANCASH,3,90,0.0,0.0293,0.1245,0.0952
1319,100311,MARIAS,HUANUCO,4,182,79.0,0.0293,0.2474,0.2181
1320,100501,LLATA,HUANUCO,4,211,2103.0,0.0293,0.3285,0.2992
1321,040128,YURA,AREQUIPA,3,90,0.0,0.0293,0.1245,0.0952
1322,120127,QUICHUAY,JUNIN,1,25,0.0,0.0292,0.0795,0.0503
1323,021802,CACERES DEL PERU,ANCASH,4,183,0.0,0.0292,0.137,0.1078
1324,020609,SHILLA,ANCASH,1,25,0.0,0.0292,0.0795,0.0503
1325,150515,SANTA CRUZ DE FLORES,LIMA,1,25,0.0,0.0292,0.0795,0.0503
1326,120406,CURICACA,JUNIN,1,25,0.0,0.0292,0.0795,0.0503
1327,130613,SINSICAP,LA LIBERTAD,3,92,0.0,0.029,0.1242,0.0952
1328,090602,AYAVI,HUANCAVELICA,2,49,0.0,0.029,0.1065,0.0775
1329,090110,MANTA,HUANCAVELICA,3,92,17.0,0.029,0.197,0.168
1330,150708,HUANZA,LIMA,2,49,0.0,0.029,0.1065,0.0775
1331,021902,ACOBAMBA,ANCASH,1,26,897.0,0.0289,0.2498,0.2209
1332,120501,JUNIN,JUNIN,4,239,2821.0,0.0288,0.335,0.3062
1333,061108,NANCHOC,CAJAMARCA,2,50,0.0,0.0287,0.1061,0.0775
1334,060507,TANTARICA,CAJAMARCA,2,50,1.0,0.0287,0.1236,0.0949
1335,130302,BAMBAMARCA,LA LIBERTAD,2,50,0.0,0.0287,0.1061,0.0775
1336,220703,CASPISAPA,SAN MARTIN,1,26,331.0,0.0285,0.2247,0.1962
1337,090118,ASCENSION,HUANCAVELICA,2,89,13064.0,0.0284,0.3367,0.3083
1338,021304,FIDEL OLIVAS ESCUDERO,ANCASH,2,51,78.0,0.0284,0.2158,0.1874
1339,050412,CHACA,AYACUCHO,1,26,0.0,0.0283,0.0786,0.0503
1340,020102,COCHABAMBA,ANCASH,3,97,0.0,0.0283,0.1235,0.0952
1341,100203,COLPAS,HUANUCO,3,97,0.0,0.0283,0.1235,0.0952
1342,180207,MATALAQUE,MOQUEGUA,2,51,0.0,0.0283,0.1058,0.0775
1343,100205,HUACAR,HUANUCO,4,204,0.0,0.0283,0.1362,0.1078
1344,100502,ARANCAY,HUANUCO,1,26,0.0,0.0283,0.0786,0.0503
1345,110105,PACHACUTEC,ICA,1,26,0.0,0.0283,0.0786,0.0503
1346,130304,LONGOTEA,LA LIBERTAD,2,51,0.0,0.0283,0.1058,0.0775
1347,151008,CATAHUASI,LIMA,1,26,0.0,0.0283,0.0786,0.0503
1348,190110,TICLACAYAN,PASCO,4,208,38.0,0.0282,0.2282,0.2
1349,210307,ITUATA,PUNO,4,208,0.0,0.0282,0.136,0.1078
1350,210201,AZANGARO,PUNO,4,311,4399.0,0.0282,0.3446,0.3164
1351,030301,ANTABAMBA,APURIMAC,4,211,0.0,0.0281,0.1359,0.1078
1352,050705,PULLO,AYACUCHO,4,212,0.0,0.028,0.1359,0.1078
1353,020205,SUCCHA,ANCASH,2,52,0.0,0.028,0.1054,0.0775
1354,030408,JUSTO APU SAHUARAURA,APURIMAC,2,58,2628.0,0.0277,0.3019,0.2741
1355,210904,TILALI,PUNO,2,53,0.0,0.0276,0.1051,0.0775
1356,160504,EMILIO SAN MARTIN,LORETO,2,53,0.0,0.0276,0.1051,0.0775
1357,090109,LARIA,HUANCAVELICA,2,53,0.0,0.0276,0.1051,0.0775
1358,021002,ANRA,ANCASH,1,27,0.0,0.0275,0.0778,0.0503
1359,130306,UCUNCHA,LA LIBERTAD,1,27,0.0,0.0275,0.0778,0.0503
1360,051103,CARHUANCA,AYACUCHO,1,27,0.0,0.0275,0.0778,0.0503
1361,130610,PARANDAY,LA LIBERTAD,1,27,0.0,0.0275,0.0778,0.0503
1362,060104,COSPAN,CAJAMARCA,3,104,56.0,0.0274,0.2244,0.197
1363,080801,ESPINAR,CUSCO,4,366,4228.0,0.0273,0.3428,0.3155
1364,080705,LIVITACA,CUSCO,4,233,0.0,0.0273,0.1352,0.1078
1365,021105,MALVAS,ANCASH,2,54,0.0,0.0273,0.1048,0.0775
1366,081207,HUARO,CUSCO,2,54,14.0,0.0273,0.173,0.1456
1367,151003,ALLAUCA,LIMA,2,55,471.0,0.0273,0.2595,0.2322
1368,090719,QUICHUAS,HUANCAVELICA,2,55,312.0,0.0272,0.2491,0.2219
1369,151030,TOMAS,LIMA,2,55,0.0,0.027,0.1045,0.0775
1370,080507,QUEHUE,CUSCO,2,55,0.0,0.027,0.1045,0.0775
1371,040412,UÑON,AREQUIPA,0,11,0.0,0.027,0.027,0.0
1372,120903,CHONGOS BAJO,JUNIN,2,55,0.0,0.027,0.1045,0.0775
1373,090308,HUAYLLAY GRANDE,HUANCAVELICA,1,28,290.0,0.0269,0.2198,0.1929
1374,080403,LAMAY,CUSCO,3,109,0.0,0.0269,0.1221,0.0952
1375,150712,SAN PEDRO DE LARAOS,LIMA,1,28,0.0,0.0267,0.077,0.0503
1376,060504,GUZMANGO,CAJAMARCA,2,56,0.0,0.0267,0.1042,0.0775
1377,150902,ANDAJES,LIMA,1,28,0.0,0.0267,0.077,0.0503
1378,021506,LACABAMBA,ANCASH,1,28,0.0,0.0267,0.077,0.0503
1379,130807,ONGON,LA LIBERTAD,2,56,0.0,0.0267,0.1042,0.0775
1380,150729,SANTIAGO DE ANCHUCAYA,LIMA,1,28,0.0,0.0267,0.077,0.0503
1381,040506,COPORAQUE,AREQUIPA,1,28,0.0,0.0267,0.077,0.0503
1382,131203,GUADALUPITO,LA LIBERTAD,1,28,0.0,0.0267,0.077,0.0503
1383,180211,YUNGA,MOQUEGUA,1,28,0.0,0.0267,0.077,0.0503
1384,020503,ANTONIO RAYMONDI,ANCASH,1,28,0.0,0.0267,0.077,0.0503
1385,080504,LANGUI,CUSCO,2,56,0.0,0.0267,0.1042,0.0775
1386,151028,TANTA,LIMA,1,28,0.0,0.0267,0.077,0.0503
1387,180202,CHOJATA,MOQUEGUA,3,112,0.0,0.0266,0.1218,0.0952
1388,190102,HUACHON,PASCO,3,112,0.0,0.0266,0.1218,0.0952
1389,081306,OLLANTAYTAMBO,CUSCO,3,113,0.0,0.0265,0.1217,0.0952
1390,150720,SAN JUAN DE TANTARANCHE,LIMA,2,57,0.0,0.0265,0.1039,0.0775
1391,080501,YANAOCA,CUSCO,3,114,0.0,0.0264,0.1216,0.0952
1392,211103,CABANILLAS,PUNO,4,273,0.0,0.0263,0.1342,0.1078
1393,030217,TUMAY HUARACA,APURIMAC,3,115,0.0,0.0263,0.1215,0.0952
1394,110502,HUANCANO,ICA,2,58,0.0,0.0262,0.1037,0.0775
1395,110202,ALTO LARAN,ICA,2,58,0.0,0.0262,0.1037,0.0775
1396,130402,PACANGA,LA LIBERTAD,2,58,12.0,0.0262,0.1682,0.142
1397,021301,PISCOBAMBA,ANCASH,2,64,2532.0,0.0262,0.2995,0.2733
1398,080309,ZURITE,CUSCO,1,29,0.0,0.026,0.0763,0.0503
1399,021013,RAPAYAN,ANCASH,1,29,0.0,0.026,0.0763,0.0503
1400,120806,PACCHA,JUNIN,1,29,0.0,0.026,0.0763,0.0503
1401,080103,POROY,CUSCO,1,29,0.0,0.026,0.0763,0.0503
1402,020610,TINCO,ANCASH,1,29,0.0,0.026,0.0763,0.0503
1403,051003,APONGO,AYACUCHO,1,29,0.0,0.026,0.0763,0.0503
1404,090706,DANIEL HERNANDEZ,HUANCAVELICA,2,60,356.0,0.0259,0.2511,0.2252
1405,081305,MARAS,CUSCO,2,59,0.0,0.0259,0.1034,0.0775
1406,021908,RAGASH,ANCASH,2,59,0.0,0.0259,0.1034,0.0775
1407,180205,LA CAPILLA,MOQUEGUA,2,60,0.0,0.0257,0.1031,0.0775
1408,021909,SAN JUAN,ANCASH,3,123,0.0,0.0256,0.1208,0.0952
1409,101108,CHORAS,HUANUCO,2,61,0.0,0.0254,0.1029,0.0775
1410,021205,MATO,ANCASH,2,61,0.0,0.0254,0.1029,0.0775
1411,120427,RICRAN,JUNIN,2,61,0.0,0.0254,0.1029,0.0775
1412,021009,MASIN,ANCASH,2,61,0.0,0.0254,0.1029,0.0775
1413,060107,LLACANORA,CAJAMARCA,2,61,1.0,0.0254,0.1203,0.0949
1414,050802,COLTA,AYACUCHO,1,30,0.0,0.0253,0.0756,0.0503
1415,100609,PUEBLO NUEVO,HUANUCO,1,30,0.0,0.0253,0.0756,0.0503
1416,010308,RECTA,AMAZONAS,1,30,0.0,0.0253,0.0756,0.0503
1417,021510,SANTA ROSA,ANCASH,1,30,0.0,0.0253,0.0756,0.0503
1418,210903,HUAYRAPATA,PUNO,2,62,0.0,0.0252,0.1026,0.0775
1419,100604,JOSE CRESPO Y CASTILLO,HUANUCO,2,62,0.0,0.0252,0.1026,0.0775
1420,021409,SAN PEDRO,ANCASH,2,62,0.0,0.0252,0.1026,0.0775
1421,040511,LLUTA,AREQUIPA,3,130,0.0,0.025,0.1202,0.0952
1422,210203,ARAPA,PUNO,3,130,0.0,0.025,0.1202,0.0952
1423,080205,POMACANCHI,CUSCO,3,132,0.0,0.0249,0.1201,0.0952
1424,010601,SAN NICOLAS,AMAZONAS,1,36,4788.0,0.0249,0.2856,0.2607
1425,020202,CORIS,ANCASH,3,132,0.0,0.0249,0.1201,0.0952
1426,230401,TARATA,TACNA,3,132,0.0,0.0249,0.1201,0.0952
1427,021710,TICAPAMPA,ANCASH,2,63,0.0,0.0249,0.1024,0.0775
1428,131004,MOLLEBAMBA,LA LIBERTAD,2,63,0.0,0.0249,0.1024,0.0775
1429,100503,CHAVIN DE PARIARCA,HUANUCO,3,131,0.0,0.0249,0.1202,0.0952
1430,090409,MOLLEPAMPA,HUANCAVELICA,3,132,52.0,0.0249,0.22,0.1952
1431,100321,SHUNQUI,HUANUCO,2,64,8.0,0.0247,0.1575,0.1328
1432,080707,QUIÑOTA,CUSCO,3,134,0.0,0.0247,0.12,0.0952
1433,061106,LA FLORIDA,CAJAMARCA,1,31,0.0,0.0247,0.075,0.0503
1434,080306,LIMATAMBO,CUSCO,3,134,0.0,0.0247,0.12,0.0952
1435,090405,CHUPAMARCA,HUANCAVELICA,2,64,0.0,0.0247,0.1022,0.0775
1436,050615,SAN CRISTOBAL,AYACUCHO,2,64,0.0,0.0247,0.1022,0.0775
1437,020104,HUANCHAY,ANCASH,3,134,0.0,0.0247,0.12,0.0952
1438,051006,CAYARA,AYACUCHO,1,31,0.0,0.0247,0.075,0.0503
1439,220406,TINGO DE SAPOSOA,SAN MARTIN,1,31,0.0,0.0247,0.075,0.0503
1440,021302,CASCA,ANCASH,2,64,0.0,0.0247,0.1022,0.0775
1441,100111,PILLCO MARCA,HUANUCO,1,31,0.0,0.0247,0.075,0.0503
1442,100202,CAYNA,HUANUCO,3,136,0.0,0.0246,0.1198,0.0952
1443,100403,COCHABAMBA,HUANUCO,2,65,0.0,0.0245,0.102,0.0775
1444,060503,CUPISNIQUE,CAJAMARCA,2,65,0.0,0.0245,0.102,0.0775
1445,021203,HUATA,ANCASH,2,65,0.0,0.0245,0.102,0.0775
1446,050703,CORONEL CASTAÑEDA,AYACUCHO,2,65,0.0,0.0245,0.102,0.0775
1447,150701,MATUCANA,LIMA,2,76,3514.0,0.0245,0.3054,0.2809
1448,050603,CABANA,AYACUCHO,2,65,0.0,0.0245,0.102,0.0775
1449,040804,HUAYNACOTAS,AREQUIPA,3,141,0.0,0.0243,0.1195,0.0952
1450,050607,HUAC-HUAS,AYACUCHO,3,140,0.0,0.0243,0.1196,0.0952
1451,180102,CARUMAS,MOQUEGUA,4,417,0.0,0.0243,0.1321,0.1078
1452,160606,VARGAS GUERRA,LORETO,1,32,125.0,0.0242,0.1961,0.1719
1453,050611,LUCANAS,AYACUCHO,4,425,0.0,0.0242,0.132,0.1078
1454,100704,LA MORADA,HUANUCO,1,32,0.0,0.0241,0.0744,0.0503
1455,150903,CAUJUL,LIMA,1,32,0.0,0.0241,0.0744,0.0503
1456,150513,SAN ANTONIO,LIMA,1,32,0.0,0.0241,0.0744,0.0503
1457,150502,ASIA,LIMA,2,67,0.0,0.0241,0.1015,0.0775
1458,010111,LEVANTO,AMAZONAS,1,32,0.0,0.0241,0.0744,0.0503
1459,021016,UCO,ANCASH,1,32,0.0,0.0241,0.0744,0.0503
1460,210111,PICHACANI,PUNO,4,451,0.0,0.024,0.1318,0.1078
1461,151001,YAUYOS,LIMA,2,71,1092.0,0.0239,0.2769,0.253
1462,110208,SAN JUAN DE YANAC,ICA,2,68,0.0,0.0239,0.1013,0.0775
1463,050613,OTOCA,AYACUCHO,3,147,0.0,0.0239,0.1191,0.0952
1464,130801,TAYABAMBA,LA LIBERTAD,3,150,325.0,0.0239,0.2646,0.2407
1465,220710,TRES UNIDOS,SAN MARTIN,1,33,437.0,0.0238,0.2269,0.2031
1466,180210,UBINAS,MOQUEGUA,3,149,0.0,0.0238,0.119,0.0952
1467,190205,SAN PEDRO DE PILLAO,PASCO,2,69,0.0,0.0237,0.1011,0.0775
1468,210602,COJATA,PUNO,3,151,0.0,0.0237,0.1189,0.0952
1469,080706,LLUSCO,CUSCO,3,150,0.0,0.0237,0.119,0.0952
1470,090615,SANTO DOMINGO DE CAPILLAS,HUANCAVELICA,2,69,6.0,0.0237,0.1501,0.1265
1471,050601,PUQUIO,AYACUCHO,3,240,5215.0,0.0236,0.3312,0.3076
1472,150709,HUAROCHIRI,LIMA,2,70,0.0,0.0235,0.1009,0.0775
1473,080607,SAN PEDRO,CUSCO,1,33,0.0,0.0235,0.0738,0.0503
1474,020504,AQUIA,ANCASH,3,154,0.0,0.0235,0.1187,0.0952
1475,080401,CALCA,CUSCO,3,154,0.0,0.0235,0.1187,0.0952
1476,120801,LA OROYA,JUNIN,2,70,0.0,0.0235,0.1009,0.0775
1477,021511,TAUCA,ANCASH,2,70,0.0,0.0235,0.1009,0.0775
1478,051106,INDEPENDENCIA,AYACUCHO,1,33,0.0,0.0235,0.0738,0.0503
1479,120209,MARISCAL CASTILLA,JUNIN,1,33,0.0,0.0235,0.0738,0.0503
1480,210109,MAÑAZO,PUNO,3,155,0.0,0.0234,0.1187,0.0952
1481,210211,SAN ANTON,PUNO,3,156,0.0,0.0234,0.1186,0.0952
1482,021804,MACATE,ANCASH,3,155,0.0,0.0234,0.1187,0.0952
1483,150711,LANGA,LIMA,2,71,0.0,0.0233,0.1008,0.0775
1484,100107,SAN FRANCISCO DE CAYRAN,HUANUCO,2,71,0.0,0.0233,0.1008,0.0775
1485,080908,SANTA TERESA,CUSCO,3,159,0.0,0.0232,0.1185,0.0952
1486,080104,SAN JERONIMO,CUSCO,2,72,68.0,0.0232,0.2072,0.184
1487,050612,OCAÑA,AYACUCHO,3,161,0.0,0.0231,0.1184,0.0952
1488,220204,HUALLAGA,SAN MARTIN,2,72,0.0,0.0231,0.1006,0.0775
1489,150713,MARIATANA,LIMA,2,72,0.0,0.0231,0.1006,0.0775
1490,020511,LA PRIMAVERA,ANCASH,0,13,0.0,0.023,0.023,0.0
1491,210705,OCUVIRI,PUNO,4,623,0.0,0.023,0.1308,0.1078
1492,021402,ACAS,ANCASH,1,34,0.0,0.023,0.0733,0.0503
1493,210703,CALAPUJA,PUNO,1,34,0.0,0.023,0.0733,0.0503
1494,010304,COROSHA,AMAZONAS,1,34,0.0,0.023,0.0733,0.0503
1495,051005,CANARIA,AYACUCHO,3,166,30.0,0.0229,0.2046,0.1817
1496,090412,TANTARA,HUANCAVELICA,1,35,23.0,0.0225,0.1528,0.1303
1497,020602,ACOPAMPA,ANCASH,1,35,0.0,0.0225,0.0728,0.0503
1498,151014,HUANCAYA,LIMA,1,35,0.0,0.0225,0.0728,0.0503
1499,021405,COCHAS,ANCASH,1,35,0.0,0.0225,0.0728,0.0503
1500,150506,COAYLLO,LIMA,1,35,0.0,0.0225,0.0728,0.0503
1501,040303,ATICO,AREQUIPA,1,35,0.0,0.0225,0.0728,0.0503
1502,020515,TICLLOS,ANCASH,1,35,0.0,0.0225,0.0728,0.0503
1503,030210,PAMPACHIRI,APURIMAC,3,174,0.0,0.0225,0.1178,0.0952
1504,211208,YANAHUAYA,PUNO,1,35,0.0,0.0225,0.0728,0.0503
1505,051104,CONCEPCION,AYACUCHO,2,76,0.0,0.0224,0.0999,0.0775
1506,040801,COTAHUASI,AREQUIPA,1,36,687.0,0.0224,0.2368,0.2143
1507,140304,JAYANCA,LAMBAYEQUE,2,76,0.0,0.0224,0.0999,0.0775
1508,101007,SAN MIGUEL DE CAURI,HUANUCO,4,828,0.0,0.0223,0.1302,0.1078
1509,150802,AMBAR,LIMA,3,186,0.0,0.0221,0.1173,0.0952
1510,060505,SAN BENITO,CAJAMARCA,2,78,0.0,0.0221,0.0996,0.0775
1511,021007,HUACHIS,ANCASH,2,78,0.0,0.0221,0.0996,0.0775
1512,230408,TICACO,TACNA,1,36,0.0,0.022,0.0723,0.0503
1513,040509,ICHUPAMPA,AREQUIPA,1,36,0.0,0.022,0.0723,0.0503
1514,050511,ORONCCOY,AYACUCHO,1,36,0.0,0.022,0.0723,0.0503
1515,040207,QUILCA,AREQUIPA,1,36,0.0,0.022,0.0723,0.0503
1516,130108,POROTO,LA LIBERTAD,1,36,0.0,0.022,0.0723,0.0503
1517,030611,LOS CHANKAS,APURIMAC,1,36,0.0,0.022,0.0723,0.0503
1518,151021,MIRAFLORES,LIMA,1,36,0.0,0.022,0.0723,0.0503
1519,040308,CHAPARRA,AREQUIPA,2,79,0.0,0.022,0.0994,0.0775
1520,050905,HUACAÑA,AYACUCHO,1,36,0.0,0.022,0.0723,0.0503
1521,230406,SUSAPAYA,TACNA,2,80,0.0,0.0218,0.0993,0.0775
1522,210702,CABANILLA,PUNO,3,193,0.0,0.0218,0.1171,0.0952
1523,210204,ASILLO,PUNO,3,198,0.0,0.0217,0.1169,0.0952
1524,020402,ACOCHACA,ANCASH,2,81,0.0,0.0217,0.0992,0.0775
1525,050616,SAN JUAN,AYACUCHO,1,37,0.0,0.0216,0.0719,0.0503
1526,021308,MUSGA,ANCASH,1,37,53.0,0.0216,0.1723,0.1506
1527,060810,SAN FELIPE,CAJAMARCA,2,82,48.0,0.0216,0.197,0.1754
1528,150725,SAN PEDRO DE HUANCAYRE,LIMA,1,37,0.0,0.0216,0.0719,0.0503
1529,100108,SAN PEDRO DE CHAULAN,HUANUCO,3,199,0.0,0.0216,0.1169,0.0952
1530,080308,PUCYURA,CUSCO,1,37,0.0,0.0216,0.0719,0.0503
1531,021003,CAJAY,ANCASH,2,82,0.0,0.0215,0.099,0.0775
1532,210310,USICAYOS,PUNO,3,202,0.0,0.0215,0.1168,0.0952
1533,050304,SANTIAGO DE LUCANAMARCA,AYACUCHO,3,206,0.0,0.0214,0.1166,0.0952
1534,080305,HUAROCONDO,CUSCO,2,84,0.0,0.0213,0.0987,0.0775
1535,210115,VILQUE,PUNO,2,84,0.0,0.0213,0.0987,0.0775
1536,021305,LLAMA,ANCASH,1,38,51.0,0.0212,0.1709,0.1497
1537,151025,QUINOCAY,LIMA,1,38,0.0,0.0212,0.0714,0.0503
1538,090107,HUAYLLAHUARA,HUANCAVELICA,1,38,1.0,0.0212,0.0889,0.0677
1539,081206,CUSIPATA,CUSCO,2,85,0.0,0.0211,0.0986,0.0775
1540,080603,COMBAPATA,CUSCO,2,85,0.0,0.0211,0.0986,0.0775
1541,150722,SAN MATEO,LIMA,2,86,0.0,0.021,0.0985,0.0775
1542,220908,JUAN GUERRA,SAN MARTIN,1,39,348.0,0.021,0.2184,0.1974
1543,080702,CAPACMARCA,CUSCO,2,87,0.0,0.0209,0.0984,0.0775
1544,030713,VIRUNDO,APURIMAC,1,39,0.0,0.0208,0.071,0.0503
1545,151002,ALIS,LIMA,1,39,0.0,0.0208,0.071,0.0503
1546,151031,TUPE,LIMA,1,39,0.0,0.0208,0.071,0.0503
1547,030403,CARAYBAMBA,APURIMAC,1,46,3868.0,0.0207,0.2766,0.2559
1548,080905,OCOBAMBA,CUSCO,2,89,0.0,0.0206,0.0981,0.0775
1549,081003,CCAPI,CUSCO,2,89,0.0,0.0206,0.0981,0.0775
1550,021410,SANTIAGO DE CHILCAS,ANCASH,1,40,0.0,0.0204,0.0706,0.0503
1551,130606,LA CUESTA,LA LIBERTAD,1,40,0.0,0.0204,0.0706,0.0503
1552,130813,URPAY,LA LIBERTAD,1,40,0.0,0.0204,0.0706,0.0503
1553,060103,CHETILLA,CAJAMARCA,1,40,58.0,0.0204,0.1733,0.1529
1554,040309,HUANUHUANU,AREQUIPA,1,40,0.0,0.0204,0.0706,0.0503
1555,101104,APARICIO POMARES,HUANUCO,2,93,0.0,0.0202,0.0977,0.0775
1556,081106,KOSÑIPATA,CUSCO,2,94,0.0,0.0201,0.0976,0.0775
1557,061309,SEXI,CAJAMARCA,1,41,0.0,0.02,0.0703,0.0503
1558,210208,MUÑANI,PUNO,2,95,0.0,0.02,0.0974,0.0775
1559,081303,HUAYLLABAMBA,CUSCO,1,41,0.0,0.02,0.0703,0.0503
1560,081202,ANDAHUAYLILLAS,CUSCO,1,41,0.0,0.02,0.0703,0.0503
1561,021709,TAPACOCHA,ANCASH,1,41,0.0,0.02,0.0703,0.0503
1562,040810,TOMEPAMPA,AREQUIPA,0,15,0.0,0.02,0.02,0.0
1563,151027,SAN PEDRO DE PILAS,LIMA,0,15,0.0,0.02,0.02,0.0
1564,151010,COCHAS,LIMA,0,15,0.0,0.02,0.02,0.0
1565,020510,HUAYLLACAYAN,ANCASH,2,96,0.0,0.0199,0.0973,0.0775
1566,150718,SAN DAMIAN,LIMA,2,96,0.0,0.0199,0.0973,0.0775
1567,151032,VIÑAC,LIMA,2,97,0.0,0.0198,0.0972,0.0775
1568,030411,SAN JUAN DE CHACÑA,APURIMAC,1,47,2921.0,0.0198,0.2692,0.2494
1569,051010,HUALLA,AYACUCHO,2,98,18.0,0.0197,0.1713,0.1516
1570,131002,ANGASMARCA,LA LIBERTAD,1,42,0.0,0.0196,0.0699,0.0503
1571,130110,SIMBAL,LA LIBERTAD,1,42,0.0,0.0196,0.0699,0.0503
1572,130810,PIAS,LA LIBERTAD,1,42,0.0,0.0196,0.0699,0.0503
1573,020901,CORONGO,ANCASH,1,42,0.0,0.0196,0.0699,0.0503
1574,060418,TOCMOCHE,CAJAMARCA,1,42,0.0,0.0196,0.0699,0.0503
1575,080608,TINTA,CUSCO,1,42,0.0,0.0196,0.0699,0.0503
1576,100511,TANTAMAYO,HUANUCO,2,100,0.0,0.0195,0.0969,0.0775
1577,130605,HUARANCHAL,LA LIBERTAD,2,100,0.0,0.0195,0.0969,0.0775
1578,020204,LA MERCED,ANCASH,2,101,0.0,0.0194,0.0969,0.0775
1579,210803,CUPI,PUNO,2,102,0.0,0.0193,0.0968,0.0775
1580,090410,SAN JUAN,HUANCAVELICA,1,43,0.0,0.0193,0.0696,0.0503
1581,211305,OLLARAYA,PUNO,1,43,0.0,0.0193,0.0696,0.0503
1582,140204,MANUEL ANTONIO MESONES MURO,LAMBAYEQUE,1,43,0.0,0.0193,0.0696,0.0503
1583,130805,HUAYLILLAS,LA LIBERTAD,1,43,0.0,0.0193,0.0696,0.0503
1584,211203,LIMBANI,PUNO,2,103,0.0,0.0192,0.0967,0.0775
1585,020111,PIRA,ANCASH,2,103,0.0,0.0192,0.0967,0.0775
1586,180106,TORATA,MOQUEGUA,2,149,4604.0,0.0191,0.3061,0.2871
1587,021708,PARARIN,ANCASH,1,44,0.0,0.019,0.0692,0.0503
1588,060311,UTCO,CAJAMARCA,1,44,0.0,0.019,0.0692,0.0503
1589,090408,HUAMATAMBO,HUANCAVELICA,1,44,0.0,0.019,0.0692,0.0503
1590,080307,MOLLEPATA,CUSCO,2,107,0.0,0.0189,0.0963,0.0775
1591,210212,SAN JOSE,PUNO,2,108,0.0,0.0188,0.0962,0.0775
1592,021701,RECUAY,ANCASH,2,134,2989.0,0.0188,0.296,0.2772
1593,021104,HUAYAN,ANCASH,1,45,0.0,0.0187,0.0689,0.0503
1594,180206,LLOQUE,MOQUEGUA,1,45,0.0,0.0187,0.0689,0.0503
1595,080302,ANCAHUASI,CUSCO,1,45,0.0,0.0187,0.0689,0.0503
1596,020106,JANGAS,ANCASH,1,45,0.0,0.0187,0.0689,0.0503
1597,010605,LIMABAMBA,AMAZONAS,1,45,0.0,0.0187,0.0689,0.0503
1598,210710,VILAVILA,PUNO,1,45,0.0,0.0187,0.0689,0.0503
1599,090406,COCAS,HUANCAVELICA,1,45,4.0,0.0187,0.1095,0.0908
1600,150404,HUAROS,LIMA,2,110,0.0,0.0186,0.0961,0.0775
1601,130703,JEQUETEPEQUE,LA LIBERTAD,1,46,0.0,0.0184,0.0686,0.0503
1602,022004,MATACOTO,ANCASH,1,46,0.0,0.0184,0.0686,0.0503
1603,030211,POMACOCHA,APURIMAC,1,46,0.0,0.0184,0.0686,0.0503
1604,151024,QUINCHES,LIMA,1,46,0.0,0.0184,0.0686,0.0503
1605,211303,COPANI,PUNO,1,46,0.0,0.0184,0.0686,0.0503
1606,130204,MAGDALENA DE CAO,LA LIBERTAD,1,47,0.0,0.0181,0.0684,0.0503
1607,040301,CARAVELI,AREQUIPA,1,47,0.0,0.0181,0.0684,0.0503
1608,050506,LUIS CARRANZA,AYACUCHO,1,47,0.0,0.0181,0.0684,0.0503
1609,210709,SANTA LUCIA,PUNO,3,428,0.0,0.0181,0.1134,0.0952
1610,150715,SAN ANDRES DE TUPICOCHA,LIMA,1,47,0.0,0.0181,0.0684,0.0503
1611,090311,SANTO TOMAS DE PATA,HUANCAVELICA,1,47,56.0,0.0181,0.1701,0.152
1612,101105,JACAS CHICO,HUANUCO,1,47,0.0,0.0181,0.0684,0.0503
1613,040302,ACARI,AREQUIPA,1,48,513.0,0.0181,0.2252,0.2071
1614,081211,OROPESA,CUSCO,1,47,0.0,0.0181,0.0684,0.0503
1615,040517,TISCO,AREQUIPA,3,447,0.0,0.018,0.1132,0.0952
1616,210306,CRUCERO,PUNO,3,452,0.0,0.018,0.1132,0.0952
1617,010503,COCABAMBA,AMAZONAS,2,120,0.0,0.0179,0.0954,0.0775
1618,100509,PUÑOS,HUANUCO,2,120,0.0,0.0179,0.0954,0.0775
1619,021005,HUACACHI,ANCASH,1,48,0.0,0.0178,0.0681,0.0503
1620,211001,PUTINA,PUNO,2,142,1803.0,0.0177,0.2829,0.2651
1621,211005,SINA,PUNO,1,49,0.0,0.0176,0.0678,0.0503
1622,210707,PARATIA,PUNO,2,125,0.0,0.0176,0.095,0.0775
1623,080803,COPORAQUE,CUSCO,3,516,0.0,0.0176,0.1128,0.0952
1624,010302,CHISQUILLA,AMAZONAS,1,49,0.0,0.0176,0.0678,0.0503
1625,040305,BELLA UNION,AREQUIPA,1,49,53.0,0.0176,0.1682,0.1506
1626,020509,HUASTA,ANCASH,2,127,0.0,0.0175,0.0949,0.0775
1627,090609,QUITO-ARMA,HUANCAVELICA,1,50,0.0,0.0173,0.0676,0.0503
1628,211206,QUIACA,PUNO,1,50,0.0,0.0173,0.0676,0.0503
1629,100401,HUACAYBAMBA,HUANUCO,2,129,0.0,0.0173,0.0948,0.0775
1630,130812,TAURIJA,LA LIBERTAD,1,50,0.0,0.0173,0.0676,0.0503
1631,050908,SAN PEDRO DE LARCAY,AYACUCHO,1,50,0.0,0.0173,0.0676,0.0503
1632,050617,SAN PEDRO,AYACUCHO,2,131,0.0,0.0172,0.0947,0.0775
1633,120909,YANACANCHA,JUNIN,2,132,0.0,0.0172,0.0946,0.0775
1634,090610,SAN ANTONIO DE CUSICANCHA,HUANCAVELICA,2,134,0.0,0.0171,0.0945,0.0775
1635,210603,HUATASANI,PUNO,1,51,0.0,0.0171,0.0673,0.0503
1636,040413,URACA,AREQUIPA,1,51,0.0,0.0171,0.0673,0.0503
1637,020507,COLQUIOC,ANCASH,1,51,22.0,0.0171,0.1463,0.1292
1638,080503,KUNTURKANKI,CUSCO,2,140,0.0,0.0168,0.0942,0.0775
1639,130206,RAZURI,LA LIBERTAD,1,52,0.0,0.0168,0.0671,0.0503
1640,211102,CABANA,PUNO,2,140,0.0,0.0168,0.0942,0.0775
1641,060502,CHILETE,CAJAMARCA,1,56,1282.0,0.0167,0.2464,0.2297
1642,040507,HUAMBO,AREQUIPA,1,53,0.0,0.0166,0.0669,0.0503
1643,020304,CHINGAS,ANCASH,1,53,0.0,0.0166,0.0669,0.0503
1644,050608,LARAMATE,AYACUCHO,2,144,0.0,0.0166,0.094,0.0775
1645,080606,SAN PABLO,CUSCO,2,145,0.0,0.0165,0.094,0.0775
1646,080806,PICHIGUA,CUSCO,2,145,0.0,0.0165,0.094,0.0775
1647,090612,SAN ISIDRO,HUANCAVELICA,1,54,0.0,0.0164,0.0667,0.0503
1648,210902,CONIMA,PUNO,1,54,0.0,0.0164,0.0667,0.0503
1649,040312,QUICACHA,AREQUIPA,1,54,0.0,0.0164,0.0667,0.0503
1650,101006,SAN FRANCISCO DE ASIS,HUANUCO,2,147,2.0,0.0164,0.1216,0.1051
1651,020605,ATAQUERO,ANCASH,1,54,0.0,0.0164,0.0667,0.0503
1652,210202,ACHAYA,PUNO,1,54,0.0,0.0164,0.0667,0.0503
1653,010307,JAZAN,AMAZONAS,1,63,2595.0,0.0163,0.2629,0.2466
1654,140203,INCAHUASI,LAMBAYEQUE,2,150,0.0,0.0163,0.0938,0.0775
1655,080102,CCORCA,CUSCO,1,55,0.0,0.0162,0.0664,0.0503
1656,150503,CALANGO,LIMA,1,55,0.0,0.0162,0.0664,0.0503
1657,210114,TIQUILLACA,PUNO,2,152,0.0,0.0162,0.0937,0.0775
1658,210605,PUSI,PUNO,2,152,0.0,0.0162,0.0937,0.0775
1659,020303,CHACCHO,ANCASH,1,56,0.0,0.016,0.0662,0.0503
1660,090113,NUEVO OCCORO,HUANCAVELICA,2,157,14.0,0.016,0.1617,0.1456
1661,010521,SANTO TOMAS,AMAZONAS,2,157,0.0,0.016,0.0935,0.0775
1662,040114,POLOBAYA,AREQUIPA,1,56,0.0,0.016,0.0662,0.0503
1663,120433,YAULI,JUNIN,1,56,0.0,0.016,0.0662,0.0503
1664,050707,SAN FRANCISCO DE RAVACAYCO,AYACUCHO,1,56,0.0,0.016,0.0662,0.0503
1665,150809,SANTA LEONOR,LIMA,2,157,0.0,0.016,0.0935,0.0775
1666,150405,LACHAQUI,LIMA,1,57,0.0,0.0158,0.066,0.0503
1667,210604,INCHUPALLA,PUNO,2,162,0.0,0.0158,0.0933,0.0775
1668,081208,LUCRE,CUSCO,1,57,0.0,0.0158,0.066,0.0503
1669,021505,HUANDOVAL,ANCASH,1,57,0.0,0.0158,0.066,0.0503
1670,151009,CHOCOS,LIMA,1,57,0.0,0.0158,0.066,0.0503
1671,110405,TIBILLO,ICA,1,57,0.0,0.0158,0.066,0.0503
1672,081212,QUIQUIJANA,CUSCO,2,165,0.0,0.0157,0.0932,0.0775
1673,080502,CHECCA,CUSCO,2,165,0.0,0.0157,0.0932,0.0775
1674,210309,SAN GABAN,PUNO,1,58,205.0,0.0157,0.2,0.1843
1675,080406,SAN SALVADOR,CUSCO,1,58,0.0,0.0156,0.0659,0.0503
1676,101102,CAHUAC,HUANUCO,1,58,0.0,0.0156,0.0659,0.0503
1677,151015,HUANGASCAR,LIMA,1,58,0.0,0.0156,0.0659,0.0503
1678,090402,ARMA,HUANCAVELICA,2,174,7.0,0.0154,0.1452,0.1298
1679,150704,CARAMPOMA,LIMA,1,59,0.0,0.0154,0.0657,0.0503
1680,130904,CURGOS,LA LIBERTAD,1,59,0.0,0.0154,0.0657,0.0503
1681,050704,PACAPAUSA,AYACUCHO,1,59,0.0,0.0154,0.0657,0.0503
1682,040502,ACHOMA,AREQUIPA,1,59,0.0,0.0154,0.0657,0.0503
1683,210215,TIRAPATA,PUNO,1,59,0.0,0.0154,0.0657,0.0503
1684,150721,SAN LORENZO DE QUINTI,LIMA,2,179,0.0,0.0153,0.0927,0.0775
1685,120108,CHONGOS ALTO,JUNIN,1,60,0.0,0.0152,0.0655,0.0503
1686,021102,COCHAPETI,ANCASH,1,60,0.0,0.0152,0.0655,0.0503
1687,130305,UCHUMARCA,LA LIBERTAD,1,60,0.0,0.0152,0.0655,0.0503
1688,131003,CACHICADAN,LA LIBERTAD,1,61,0.0,0.0151,0.0653,0.0503
1689,030202,ANDARAPA,APURIMAC,1,61,0.0,0.0151,0.0653,0.0503
1690,120804,MARCAPOMACOCHA,JUNIN,2,184,0.0,0.0151,0.0926,0.0775
1691,090722,PICHOS,HUANCAVELICA,1,61,28.0,0.0151,0.1501,0.135
1692,081101,PAUCARTAMBO,CUSCO,2,183,0.0,0.0151,0.0926,0.0775
1693,050303,SACSAMARCA,AYACUCHO,2,188,0.0,0.015,0.0925,0.0775
1694,080602,CHECACUPE,CUSCO,2,186,0.0,0.015,0.0925,0.0775
1695,080304,CHINCHAYPUJIO,CUSCO,2,192,0.0,0.0149,0.0924,0.0775
1696,090304,CCOCHACCASA,HUANCAVELICA,1,63,122.0,0.0148,0.1861,0.1713
1697,050604,CARMEN SALCEDO,AYACUCHO,1,63,0.0,0.0147,0.065,0.0503
1698,220405,SACANCHE,SAN MARTIN,1,66,660.0,0.0147,0.228,0.2133
1699,081009,YAURISQUE,CUSCO,1,63,0.0,0.0147,0.065,0.0503
1700,030108,SAN PEDRO DE CACHORA,APURIMAC,1,63,0.0,0.0147,0.065,0.0503
1701,040508,HUANCA,AREQUIPA,1,64,0.0,0.0146,0.0648,0.0503
1702,210706,PALCA,PUNO,1,65,0.0,0.0144,0.0647,0.0503
1703,040516,TAPAY,AREQUIPA,1,65,0.0,0.0144,0.0647,0.0503
1704,081007,PACCARITAMBO,CUSCO,1,65,0.0,0.0144,0.0647,0.0503
1705,021702,CATAC,ANCASH,2,218,0.0,0.0143,0.0918,0.0775
1706,040603,CAYARANI,AREQUIPA,2,215,0.0,0.0143,0.0918,0.0775
1707,090614,SANTIAGO DE QUIRAHUARA,HUANCAVELICA,1,66,1.0,0.0143,0.082,0.0677
1708,090411,SANTA ANA,HUANCAVELICA,2,222,38.0,0.0142,0.1839,0.1697
1709,110108,SALAS,ICA,2,229,251.0,0.0142,0.2307,0.2165
1710,210209,POTONI,PUNO,2,222,0.0,0.0142,0.0917,0.0775
1711,020401,CHACAS,ANCASH,1,73,907.0,0.0139,0.2351,0.2212
1712,040519,YANQUE,AREQUIPA,2,242,0.0,0.0138,0.0913,0.0775
1713,090605,LARAMARCA,HUANCAVELICA,1,70,0.0,0.0137,0.064,0.0503
1714,080203,ACOS,CUSCO,1,70,0.0,0.0137,0.064,0.0503
1715,210802,ANTAUTA,PUNO,2,250,0.0,0.0137,0.0912,0.0775
1716,030307,SABAINO,APURIMAC,1,71,0.0,0.0136,0.0639,0.0503
1717,120128,QUILCAS,JUNIN,1,72,0.0,0.0135,0.0637,0.0503
1718,211003,PEDRO VILCA APAZA,PUNO,1,72,0.0,0.0135,0.0637,0.0503
1719,021401,OCROS,ANCASH,1,72,0.0,0.0135,0.0637,0.0503
1720,211004,QUILCAPUNCU,PUNO,1,72,0.0,0.0135,0.0637,0.0503
1721,021706,MARCA,ANCASH,1,73,0.0,0.0134,0.0636,0.0503
1722,061006,JOSE MANUEL QUIROZ,CAJAMARCA,1,73,28.0,0.0134,0.1484,0.135
1723,110203,CHAVIN,ICA,1,73,0.0,0.0134,0.0636,0.0503
1724,050618,SAN PEDRO DE PALCO,AYACUCHO,2,271,0.0,0.0134,0.0909,0.0775
1725,210505,CONDURIRI,PUNO,2,277,0.0,0.0133,0.0908,0.0775
1726,150732,SURCO,LIMA,1,74,0.0,0.0132,0.0635,0.0503
1727,081209,MARCAPATA,CUSCO,2,286,0.0,0.0132,0.0907,0.0775
1728,081103,CHALLABAMBA,CUSCO,2,289,0.0,0.0132,0.0906,0.0775
1729,210213,SAN JUAN DE SALINAS,PUNO,1,75,0.0,0.0131,0.0634,0.0503
1730,020301,LLAMELLIN,ANCASH,1,75,0.0,0.0131,0.0634,0.0503
1731,130303,CONDORMARCA,LA LIBERTAD,1,75,0.0,0.0131,0.0634,0.0503
1732,040808,SAYLA,AREQUIPA,0,23,0.0,0.0131,0.0131,0.0
1733,100506,MIRAFLORES,HUANUCO,1,75,0.0,0.0131,0.0634,0.0503
1734,090616,TAMBO,HUANCAVELICA,1,76,0.0,0.013,0.0633,0.0503
1735,100323,YANAS,HUANUCO,1,76,14.0,0.013,0.1315,0.1184
1736,101005,RONDOS,HUANUCO,2,304,19.0,0.013,0.1659,0.1529
1737,081105,HUANCARANI,CUSCO,1,76,0.0,0.013,0.0633,0.0503
1738,021703,COTAPARACO,ANCASH,1,77,0.0,0.0129,0.0632,0.0503
1739,080708,VELILLE,CUSCO,2,315,0.0,0.0129,0.0904,0.0775
1740,081201,URCOS,CUSCO,1,77,0.0,0.0129,0.0632,0.0503
1741,150304,HUANCAPON,LIMA,1,78,0.0,0.0128,0.0631,0.0503
1742,020107,LA LIBERTAD,ANCASH,1,79,0.0,0.0127,0.063,0.0503
1743,040510,LARI,AREQUIPA,1,79,0.0,0.0127,0.063,0.0503
1744,100505,JIRCAN,HUANUCO,1,80,0.0,0.0126,0.0629,0.0503
1745,090309,JULCAMARCA,HUANCAVELICA,0,24,71.0,0.0126,0.1202,0.1076
1746,040805,PAMPAMARCA,AREQUIPA,1,80,0.0,0.0126,0.0629,0.0503
1747,050911,SORAS,AYACUCHO,1,81,40.0,0.0125,0.1563,0.1437
1748,081203,CAMANTI,CUSCO,1,81,0.0,0.0125,0.0628,0.0503
1749,040514,SAN ANTONIO DE CHUCA,AREQUIPA,2,376,0.0,0.0124,0.0899,0.0775
1750,100204,CONCHAMARCA,HUANUCO,1,83,0.0,0.0123,0.0626,0.0503
1751,060506,SANTA CRUZ DE TOLED,CAJAMARCA,1,83,0.0,0.0123,0.0626,0.0503
1752,081002,ACCHA,CUSCO,1,83,0.0,0.0123,0.0626,0.0503
1753,020501,CHIQUIAN,ANCASH,1,89,714.0,0.0122,0.2275,0.2153
1754,040505,CAYLLOMA,AREQUIPA,2,399,0.0,0.0122,0.0897,0.0775
1755,081210,OCONGATE,CUSCO,2,412,0.0,0.0122,0.0896,0.0775
1756,210108,HUATA,PUNO,1,85,0.0,0.0121,0.0624,0.0503
1757,151019,LINCHA,LIMA,1,85,0.0,0.0121,0.0624,0.0503
1758,151018,LARAOS,LIMA,1,88,206.0,0.012,0.1964,0.1844
1759,090603,CORDOVA,HUANCAVELICA,1,86,0.0,0.012,0.0623,0.0503
1760,151016,HUANTAN,LIMA,1,88,217.0,0.012,0.1977,0.1857
1761,020607,PARIAHUANCA,ANCASH,0,25,0.0,0.012,0.012,0.0
1762,090106,HUACHOCOLPA,HUANCAVELICA,1,88,0.0,0.0119,0.0621,0.0503
1763,100703,SAN BUENAVENTURA,HUANUCO,1,88,0.0,0.0119,0.0621,0.0503
1764,151011,COLONIA,LIMA,1,91,243.0,0.0118,0.2003,0.1885
1765,090407,HUACHOS,HUANCAVELICA,1,91,24.0,0.0117,0.1429,0.1313
1766,120502,CARHUAMAYO,JUNIN,1,90,0.0,0.0117,0.062,0.0503
1767,090413,TICRAPO,HUANCAVELICA,1,91,48.0,0.0117,0.1599,0.1482
1768,021704,HUAYLLAPAMPA,ANCASH,1,91,0.0,0.0116,0.0619,0.0503
1769,010119,SAN ISIDRO DE MAINO,AMAZONAS,1,91,0.0,0.0116,0.0619,0.0503
1770,040118,SAN JUAN DE SIGUAS,AREQUIPA,0,26,0.0,0.0115,0.0115,0.0
1771,101107,PAMPAMARCA,HUANUCO,1,94,0.0,0.0114,0.0617,0.0503
1772,211205,PHARA,PUNO,1,94,0.0,0.0114,0.0617,0.0503
1773,090501,CHURCAMPA,HUANCAVELICA,1,97,82.0,0.0113,0.1727,0.1614
1774,151005,AZANGARO,LIMA,1,96,0.0,0.0113,0.0615,0.0503
1775,120810,YAULI,JUNIN,1,95,0.0,0.0113,0.0616,0.0503
1776,210804,LLALLI,PUNO,1,95,0.0,0.0113,0.0616,0.0503
1777,150305,MANAS,LIMA,1,99,0.0,0.0111,0.0613,0.0503
1778,080206,RONDOCAN,CUSCO,1,98,0.0,0.0111,0.0614,0.0503
1779,040809,TAURIA,AREQUIPA,0,27,0.0,0.0111,0.0111,0.0
1780,151026,SAN JOAQUIN,LIMA,0,27,0.0,0.0111,0.0111,0.0
1781,020201,AIJA,ANCASH,1,99,0.0,0.0111,0.0613,0.0503
1782,020606,MARCARA,ANCASH,1,100,0.0,0.011,0.0613,0.0503
1783,050614,SAISA,AYACUCHO,1,102,0.0,0.0109,0.0611,0.0503
1784,050806,OYOLO,AYACUCHO,1,104,0.0,0.0108,0.061,0.0503
1785,081001,PARURO,CUSCO,1,104,0.0,0.0108,0.061,0.0503
1786,090601,HUAYTARA,HUANCAVELICA,1,103,19.0,0.0108,0.1365,0.1257
1787,021508,PALLASCA,ANCASH,1,103,38.0,0.0108,0.1533,0.1425
1788,151020,MADEAN,LIMA,1,105,0.0,0.0107,0.061,0.0503
1789,040605,IRAY,AREQUIPA,0,28,0.0,0.0107,0.0107,0.0
1790,040518,TUTI,AREQUIPA,1,106,0.0,0.0106,0.0609,0.0503
1791,210104,ATUNCOLLA,PUNO,1,109,0.0,0.0105,0.0607,0.0503
1792,021501,CABANA,ANCASH,1,109,97.0,0.0105,0.1762,0.1656
1793,100322,SILLAPATA,HUANUCO,1,111,4.0,0.0104,0.1011,0.0908
1794,040407,HUANCARQUI,AREQUIPA,0,29,0.0,0.0103,0.0103,0.0
1795,040409,ORCOPAMPA,AREQUIPA,1,112,0.0,0.0103,0.0606,0.0503
1796,210113,SAN ANTONIO,PUNO,1,115,0.0,0.0102,0.0604,0.0503
1797,130301,BOLIVAR,LA LIBERTAD,1,122,354.0,0.0101,0.2079,0.1979
1798,021406,CONGAS,ANCASH,1,116,0.0,0.0101,0.0604,0.0503
1799,150812,VEGUETA,LIMA,1,116,0.0,0.0101,0.0604,0.0503
1800,051001,HUANCAPI,AYACUCHO,1,122,425.0,0.0101,0.2125,0.2024
1801,040406,CHOCO,AREQUIPA,1,119,0.0,0.01,0.0602,0.0503
1802,050605,CHAVIÑA,AYACUCHO,1,120,0.0,0.0099,0.0602,0.0503
1803,081204,CCARHUAYO,CUSCO,1,122,0.0,0.0098,0.0601,0.0503
1804,080201,ACOMAYO,CUSCO,1,129,0.0,0.0096,0.0598,0.0503
1805,040515,SIBAYO,AREQUIPA,1,129,0.0,0.0096,0.0598,0.0503
1806,020608,SAN MIGUEL DE ACO,ANCASH,0,31,0.0,0.0096,0.0096,0.0
1807,080505,LAYO,CUSCO,1,128,0.0,0.0096,0.0599,0.0503
1808,210110,PAUCARCOLLA,PUNO,1,131,0.0,0.0095,0.0597,0.0503
1809,090606,OCOYO,HUANCAVELICA,1,134,0.0,0.0094,0.0596,0.0503
1810,010309,SAN CARLOS,AMAZONAS,0,32,0.0,0.0093,0.0093,0.0
1811,090404,CAPILLAS,HUANCAVELICA,1,135,4.0,0.0093,0.1001,0.0908
1812,040411,TIPAN,AREQUIPA,0,32,0.0,0.0093,0.0093,0.0
1813,210406,POMATA,PUNO,1,143,0.0,0.0091,0.0593,0.0503
1814,040404,CHACHAS,AREQUIPA,1,142,0.0,0.0091,0.0594,0.0503
1815,090604,HUAYACUNDO ARMA,HUANCAVELICA,0,33,0.0,0.009,0.009,0.0
1816,020109,PAMPAS GRANDE,ANCASH,1,145,0.0,0.009,0.0593,0.0503
1817,090608,QUERCO,HUANCAVELICA,1,146,0.0,0.009,0.0592,0.0503
1818,081005,HUANOQUITE,CUSCO,1,148,0.0,0.0089,0.0592,0.0503
1819,120802,CHACAPALPA,JUNIN,1,149,0.0,0.0089,0.0591,0.0503
1820,040604,CHICHAS,AREQUIPA,0,34,0.0,0.0087,0.0087,0.0
1821,120809,SUITUCANCHA,JUNIN,1,161,0.0,0.0086,0.0588,0.0503
1822,150301,CAJATAMBO,LIMA,1,160,0.0,0.0086,0.0588,0.0503
1823,080808,ALTO PICHIGUA,CUSCO,1,164,0.0,0.0085,0.0587,0.0503
1824,030405,COLCABAMBA,APURIMAC,0,41,2089.0,0.0084,0.1996,0.1912
1825,120803,HUAY-HUAY,JUNIN,1,168,0.0,0.0084,0.0586,0.0503
1826,040806,PUYCA,AREQUIPA,1,168,0.0,0.0084,0.0586,0.0503
1827,120503,ONDORES,JUNIN,1,177,0.0,0.0082,0.0585,0.0503
1828,090403,AURAHUA,HUANCAVELICA,1,181,0.0,0.0081,0.0584,0.0503
1829,210302,AJOYANI,PUNO,1,179,0.0,0.0081,0.0584,0.0503
1830,080807,SUYCKUTAMBO,CUSCO,1,189,0.0,0.008,0.0582,0.0503
1831,080802,CONDOROMA,CUSCO,1,219,0.0,0.0075,0.0577,0.0503
1832,080804,OCORURO,CUSCO,1,216,0.0,0.0075,0.0578,0.0503
1833,210401,JULI,PUNO,1,371,1986.0,0.0074,0.2477,0.2403
1834,050301,SANCOS,AYACUCHO,1,237,275.0,0.0074,0.199,0.1916
1835,120807,SANTA BARBARA DE CARHUACAYAN,JUNIN,1,236,0.0,0.0073,0.0575,0.0503
1836,150303,GORGOR,LIMA,1,232,0.0,0.0073,0.0576,0.0503
1837,101002,BAÑOS,HUANUCO,1,231,4.0,0.0073,0.0981,0.0908
1838,020508,HUALLANCA,ANCASH,1,238,94.0,0.0073,0.1721,0.1648
1839,151022,OMAS,LIMA,0,42,0.0,0.0069,0.0069,0.0
1840,040414,VIRACO,AREQUIPA,0,43,0.0,0.0068,0.0068,0.0
1841,040803,CHARCANA,AREQUIPA,0,43,0.0,0.0068,0.0068,0.0
1842,080805,PALLPATA,CUSCO,1,300,0.0,0.0067,0.0569,0.0503
1843,080605,PITUMARCA,CUSCO,1,295,0.0,0.0067,0.057,0.0503
1844,010305,CUISPES,AMAZONAS,0,44,0.0,0.0066,0.0066,0.0
1845,151004,AYAVIRI,LIMA,0,45,0.0,0.0064,0.0064,0.0
1846,040807,QUECHUALLA,AREQUIPA,0,45,0.0,0.0064,0.0064,0.0
1847,150504,CERRO AZUL,LIMA,0,45,0.0,0.0064,0.0064,0.0
1848,090504,EL CARMEN,HUANCAVELICA,0,48,2.0,0.006,0.0336,0.0277
1849,090509,SAN PEDRO DE CORIS,HUANCAVELICA,0,48,0.0,0.006,0.006,0.0
1850,101001,JESUS,HUANUCO,1,549,347.0,0.0059,0.2032,0.1974
1851,040602,ANDARAY,AREQUIPA,0,49,0.0,0.0058,0.0058,0.0
1852,090510,PACHAMARCA,HUANCAVELICA,0,50,0.0,0.0057,0.0057,0.0
1853,040601,CHUQUIBAMBA,AREQUIPA,0,53,590.0,0.0057,0.166,0.1603
1854,040504,CALLALLI,AREQUIPA,1,796,0.0,0.0053,0.0556,0.0503
1855,100301,LA UNION,HUANUCO,0,77,3141.0,0.0053,0.2062,0.2008
1856,040408,MACHAGUAY,AREQUIPA,0,55,0.0,0.0051,0.0051,0.0
1857,101103,CHACABAMBA,HUANUCO,0,55,0.0,0.0051,0.0051,0.0
1858,151029,TAURIPAMPA,LIMA,0,56,0.0,0.005,0.005,0.0
1859,180302,EL ALGARROBAL,MOQUEGUA,0,56,0.0,0.005,0.005,0.0
1860,010110,LEIMEBAMBA,AMAZONAS,0,58,0.0,0.0048,0.0048,0.0
1861,210402,DESAGUADERO,PUNO,0,109,4428.0,0.0048,0.2135,0.2087
1862,100316,QUIVILLA,HUANUCO,0,62,0.0,0.0045,0.0045,0.0
1863,040811,TORO,AREQUIPA,0,75,0.0,0.0036,0.0036,0.0
1864,040607,SALAMANCA,AREQUIPA,0,75,0.0,0.0036,0.0036,0.0
1865,040608,YANAQUIHUA,AREQUIPA,0,74,0.0,0.0036,0.0036,0.0
1866,040410,PAMPACOLCA,AREQUIPA,0,88,20.0,0.0029,0.0796,0.0766
1867,020604,ANTA,ANCASH,0,90,0.0,0.0028,0.0028,0.0
1868,101003,JIVIA,HUANUCO,0,117,50.0,0.002,0.101,0.0989
1869,101004,QUEROPALCA,HUANUCO,0,133,0.0,0.0017,0.0017,0.0
1870,210403,HUACULLANI,PUNO,0,155,0.0,0.0013,0.0013,0.0
1871,210404,KELLUYO,PUNO,0,235,0.0,0.0006,0.0006,0.0
1872,210407,ZEPITA,PUNO,0,290,0.0,0.0003,0.0003,0.0
1873,210405,PISACOMA,PUNO,0,349,0.0,0.0001,0.0001,0.0
